rebalance_date,accept_rate_history,accept_rate_mean,rhat,rhat_mean,ess,ess_mean,ess_min,step_size_history,final_step_size,csn_herfindahl,mv_herfindahl
2023-08-31,"[1.  1.  0.5 0.5 1.  1.  1.  1.  0.5 1.  1.  1.  1.  0.5 1.  0.  0.5 1.
 0.5 0.5 0.5 1.  1.  0.5 1.  0.5 0.5 0.5 0.5 1.  0.5 0.5 1.  1.  1.  1.
 1.  1.  1.  1.  1.  1.  1.  1.  1.  1.  1.  1.  1.  1.  1.  1.  1.  0.5
 1.  0.5 1.  0.5 1.  0.5 1.  0.5 1.  1.  1.  1.  1.  0.5 1.  1.  0.  1.
 1.  1.  1.  1.  0.5 1.  1.  1.  0.5 1.  1.  1.  1.  0.5 0.5 1.  1.  1.
 1.  1.  1.  1.  1.  1.  0.5 1.  1.  1.  1.  0.5 0.5 1.  1.  1.  1.  1.
 1.  1.  1.  1.  1.  1.  1.  0.5 1.  1.  1.  1.  1.  1.  0.  1.  1.  1.
 1.  0.5 1.  1.  1.  1.  0.5 1.  1.  1.  0.5 0.5 1.  1.  1.  1.  1.  1.
 1.  0.5 1.  1.  1.  1.  0.5 0.5 0.5 0.5 1.  1.  1.  1.  1.  1.  0.5 0.5
 1.  1.  0.5 1.  1.  1.  0.5 1.  1.  1.  1.  1.  0.5 0.5 0.5 1.  1.  1.
 0.5 1.  1.  1.  0.5 1.  1.  1.  1.  0.5 1.  1.  1.  1.  0.5 1.  0.5 1.
 1.  1.  1.  1.  1.  1.  1.  0.5 0.5 1.  1.  1.  1.  1.  1.  1.  0.5 1.
 1.  1.  1.  1.  1.  1.  1.  1.  1.  1.  1.  1.  1.  1.  1.  1.  1.  0.
 0.5 0.5 0.5 1.  1.  1.  1.  1.  1.  1.  0.5 1.  1.  1.  1.  1.  1.  1.
 0.5 1.  1.  0.5 1.  1.  1.  1.  1.  1.  1.  1.  0.  1.  0.  1.  1.  1.
 0.5 0.5 1.  1.  1.  0.5 1.  1.  1.  0.5 1.  0.5 1.  1.  0.5 1.  1.  1.
 0.5 1.  1.  0.5 1.  1.  1.  1.  1.  0.5 1.  1.  1.  1.  1.  1.  1.  1.
 1.  1.  1.  1.  1.  0.5 0.5 1.  1.  1.  1.  1.  1.  1.  1.  1.  1.  1.
 0.5 0.5 1.  1.  1.  1.  0.5 0.5 1.  1.  1.  1.  0.5 1.  1.  0.5 1.  0.5
 1.  0.5 1.  1.  1.  1.  0.5 0.  1.  1.  1.  1.  1.  1.  1.  0.5 1.  0.5
 1.  1.  1.  1.  1.  0.5 0.5 1.  1.  1.  1.  1.  1.  0.5 0.5 0.5 1.  1.
 1.  0.5 1.  1.  1.  0.5 0.5 1.  0.5 1.  0.5 1.  1.  0.5 0.  0.5 0.5 0.5
 1.  1.  1.  0.5 1.  1.  0.5 0.5 1.  1.  1.  0.5 1.  1.  0.5 0.5 1.  1.
 1.  1.  1.  0.5 1.  1.  1.  1.  1.  1.  1.  1.  1.  1.  1.  0.5 0.5 1.
 1.  1.  1.  0.  0.5 1.  1.  1.  0.5 1.  1.  1.  1.  1.  1.  1.  0.5 0.5
 0.5 1.  1.  1.  1.  1.  1.  1.  0.  1.  1.  0.5 1.  1.  1.  1.  1.  1.
 0.5 1.  1.  0.  0.5 1.  1.  1.  0.5 0.5 0.5 1.  1.  1.  0.5 0.5 1.  1.
 1.  1.  0.5 1.  1.  0.5 1.  1.  1.  1.  1.  1.  1.  1.  1.  1.  0.5 1.
 1.  1.  1.  1.  1.  1.  1.  1.  0.5 1.  1.  1.  1.  1.  1.  1.  1.  1.
 1.  1.  1.  0.5 1.  1.  1.  1.  0.5 1.  1.  1.  1.  1.  0.5 1.  1.  1.
 1.  1.  1.  1.  0.5 1.  0.5 0.5 1.  0.5 1.  1.  1.  1.  1.  1.  1.  0.5
 0.5 1.  1.  0.5 1.  0.5 1.  1.  0.5 1.  1.  1.  1.  1.  1.  0.5 1.  1.
 1.  1.  1.  1.  1.  1.  1.  1.  1.  1.  1.  1.  0.5 1.  1.  1.  0.5 1.
 1.  1.  0.5 1.  0.5 1. ]",0.8666666666666667,"[1.0002385  1.         1.         1.         1.00037127 1.00783963
 1.         1.         1.         1.         1.0042884  1.
 1.0000937  1.         1.00051415 1.00011857 1.00119864 1.
 1.         1.00575549 1.         1.         1.         1.0000098
 1.         1.         1.         1.         1.00023951 1.
 1.0040866  1.         1.         1.         1.0010664  1.
 1.         1.         1.00115724 1.         1.00184308 1.00629572
 1.         1.00075264 1.00334554 1.00075619 1.         1.
 1.        ]",1.0008157364716765,"[630.86393534 578.8910043  494.43398233 596.40788608 599.87182508
 465.44476689 758.81124942 471.84774061 576.91705688 638.11119787
 485.77688369 533.30002395 490.13980827 472.26891889 515.15293931
 585.12051119 538.72990184 604.10967206 427.14535515 441.3341845
 587.56758684 585.88288469 606.34010647 556.42120862 568.17113014
 636.25775886 537.33315409 440.83963047 482.43155088 601.77332396
 502.24405414 302.32155998 444.74709867 420.92485242 694.86287946
 498.7484898  454.88119829 509.17796173 664.01813445 800.
 582.38826458 565.26130874 396.85643159 575.9568273  523.13602739
 566.03431754 638.52879098 800.         475.4757561 ]",549.4543088129556,302.32155997934933,"[0.8 5.  5.  5.  5.  5.  5.  5.  5.  5.  5.  5.  5.  5.  5.  5.  5.  5.
 5.  5.  5.  5.  5.  5.  5.  5.  5.  5.  5.  5.  5.  5.  5.  5.  5.  5.
 5.  5.  5.  5.  5.  5.  5.  5.  5.  5.  5.  5.  5.  5.  5.  5.  5.  5.
 5.  5.  5.  5.  5.  5.  5.  5.  5.  5.  5.  5.  5.  5.  5.  5.  5.  5.
 5.  5.  5.  5.  5.  5.  5.  5.  5.  5.  5.  5.  5.  5.  5.  5.  5.  5.
 5.  5.  5.  5.  5.  5.  5.  5.  5.  5.  5.  5.  5.  5.  5.  5.  5.  5.
 5.  5.  5.  5.  5.  5.  5.  5.  5.  5.  5.  5.  5.  5.  5.  5.  5.  5.
 5.  5.  5.  5.  5.  5.  5.  5.  5.  5.  5.  5.  5.  5.  5.  5.  5.  5.
 5.  5.  5.  5.  5.  5.  5.  5.  5.  5.  5.  5.  5.  5.  5.  5.  5.  5.
 5.  5.  5.  5.  5.  5.  5.  5.  5.  5.  5.  5.  5.  5.  5.  5.  5.  5.
 5.  5.  5.  5.  5.  5.  5.  5.  5.  5.  5.  5.  5.  5.  5.  5.  5.  5.
 5.  5.  5.  5.  5.  5.  5.  5.  5.  5.  5.  5.  5.  5.  5.  5.  5.  5.
 5.  5.  5.  5.  5.  5.  5.  5.  5.  5.  5.  5.  5.  5.  5.  5.  5.  5.
 5.  5.  5.  5.  5.  5.  5.  5.  5.  5.  5.  5.  5.  5.  5.  5.  5.  5.
 5.  5.  5.  5.  5.  5.  5.  5.  5.  5.  5.  5.  5.  5.  5.  5.  5.  5.
 5.  5.  5.  5.  5.  5.  5.  5.  5.  5.  5.  5.  5.  5.  5.  5.  5.  5.
 5.  5.  5.  5.  5.  5.  5.  5.  5.  5.  5.  5.  5.  5.  5.  5.  5.  5.
 5.  5.  5.  5.  5.  5.  5.  5.  5.  5.  5.  5.  5.  5.  5.  5.  5.  5.
 5.  5.  5.  5.  5.  5.  5.  5.  5.  5.  5.  5.  5.  5.  5.  5.  5.  5.
 5.  5.  5.  5.  5.  5.  5.  5.  5.  5.  5.  5.  5.  5.  5.  5.  5.  5.
 5.  5.  5.  5.  5.  5.  5.  5.  5.  5.  5.  5.  5.  5.  5.  5.  5.  5.
 5.  5.  5.  5.  5.  5.  5.  5.  5.  5.  5.  5.  5.  5.  5.  5.  5.  5.
 5.  5.  5.  5.  5.  5.  5.  5.  5.  5.  5.  5.  5.  5.  5.  5.  5.  5.
 5.  5.  5.  5.  5.  5.  5.  5.  5.  5.  5.  5.  5.  5.  5.  5.  5.  5.
 5.  5.  5.  5.  5.  5.  5.  5.  5.  5.  5.  5.  5.  5.  5.  5.  5.  5.
 5.  5.  5.  5.  5.  5.  5.  5.  5.  5.  5.  5.  5.  5.  5.  5.  5.  5.
 5.  5.  5.  5.  5.  5.  5.  5.  5.  5.  5.  5.  5.  5.  5.  5.  5.  5.
 5.  5.  5.  5.  5.  5.  5.  5.  5.  5.  5.  5.  5.  5.  5.  5.  5.  5.
 5.  5.  5.  5.  5.  5.  5.  5.  5.  5.  5.  5.  5.  5.  5.  5.  5.  5.
 5.  5.  5.  5.  5.  5.  5.  5.  5.  5.  5.  5.  5.  5.  5.  5.  5.  5.
 5.  5.  5.  5.  5.  5.  5.  5.  5.  5.  5.  5.  5.  5.  5.  5.  5.  5.
 5.  5.  5.  5.  5.  5.  5.  5.  5.  5.  5.  5.  5.  5.  5.  5.  5.  5.
 5.  5.  5.  5.  5.  5.  5.  5.  5.  5.  5.  5.  5.  5.  5.  5.  5.  5.
 5.  5.  5.  5.  5.  5. ]",5.0,0.030423241476040412,0.30050270790490885
2023-09-30,"[1.  1.  1.  1.  0.5 0.5 1.  1.  1.  1.  0.5 0.5 0.5 1.  1.  1.  1.  0.5
 1.  1.  0.5 1.  1.  0.5 1.  1.  1.  1.  1.  1.  0.  1.  0.5 1.  1.  1.
 1.  1.  1.  1.  0.5 1.  1.  1.  1.  0.5 1.  1.  1.  1.  1.  1.  0.5 1.
 1.  1.  0.5 1.  1.  1.  1.  1.  1.  1.  1.  1.  0.5 1.  1.  0.5 0.5 1.
 1.  1.  1.  1.  0.5 1.  0.5 1.  1.  1.  1.  1.  1.  1.  0.5 1.  1.  1.
 0.5 0.5 0.5 1.  0.5 1.  1.  1.  1.  0.5 0.5 0.5 0.5 1.  1.  1.  1.  1.
 1.  1.  1.  1.  1.  1.  1.  1.  1.  1.  1.  1.  1.  1.  0.5 1.  1.  1.
 1.  1.  1.  1.  1.  1.  0.5 1.  1.  0.5 1.  0.5 1.  1.  0.5 0.5 1.  1.
 1.  0.5 1.  1.  1.  0.5 1.  1.  1.  0.5 1.  1.  0.5 1.  1.  0.5 1.  1.
 1.  1.  1.  1.  1.  1.  1.  1.  0.5 1.  1.  1.  1.  1.  1.  0.5 0.5 0.5
 1.  0.5 1.  1.  1.  1.  1.  1.  0.5 1.  1.  1.  1.  1.  0.5 0.5 0.5 0.5
 1.  0.5 1.  0.5 1.  0.5 1.  1.  1.  0.5 1.  0.5 0.5 1.  1.  1.  1.  1.
 1.  0.5 1.  1.  1.  1.  1.  1.  0.5 0.5 0.5 0.5 0.  1.  0.5 1.  1.  1.
 1.  1.  0.5 1.  1.  0.5 1.  1.  1.  0.5 1.  1.  1.  0.5 1.  1.  1.  1.
 1.  1.  0.  0.5 0.5 1.  0.5 1.  1.  0.5 1.  0.5 0.  0.5 1.  1.  1.  1.
 1.  1.  1.  0.5 0.5 1.  1.  1.  1.  1.  1.  1.  1.  1.  1.  1.  1.  1.
 1.  1.  1.  1.  1.  1.  1.  1.  0.5 1.  0.5 1.  0.5 1.  1.  1.  1.  1.
 1.  1.  1.  1.  1.  1.  1.  0.5 0.5 0.5 1.  1.  1.  1.  1.  1.  0.5 1.
 1.  1.  1.  1.  1.  1.  1.  1.  1.  1.  1.  1.  1.  1.  1.  1.  1.  1.
 1.  1.  1.  1.  0.5 1.  0.5 0.5 1.  1.  1.  1.  1.  1.  1.  0.5 1.  0.5
 0.5 1.  1.  0.5 1.  1.  0.5 1.  1.  1.  1.  0.5 1.  1.  1.  1.  1.  0.5
 1.  0.5 1.  1.  1.  1.  1.  1.  1.  1.  0.5 1.  1.  0.5 1.  0.5 1.  1.
 1.  1.  1.  0.5 0.5 1.  1.  0.5 1.  1.  1.  1.  1.  1.  1.  1.  0.5 1.
 1.  1.  1.  1.  0.5 1.  1.  1.  1.  1.  1.  1.  1.  1.  0.5 1.  1.  1.
 1.  1.  0.5 1.  1.  0.5 1.  0.5 0.5 1.  1.  1.  0.5 1.  1.  1.  1.  0.5
 1.  0.5 0.5 1.  1.  1.  1.  1.  1.  1.  1.  1.  1.  1.  1.  0.5 0.5 1.
 1.  1.  0.5 0.  0.5 1.  0.5 1.  0.5 1.  1.  1.  1.  1.  0.5 0.5 1.  1.
 0.5 0.5 1.  1.  1.  1.  1.  0.5 1.  0.5 1.  1.  1.  1.  1.  1.  1.  1.
 1.  1.  1.  0.5 1.  1.  1.  1.  0.5 0.5 1.  1.  0.5 1.  1.  1.  0.5 1.
 1.  1.  1.  0.5 0.5 1.  0.5 1.  1.  1.  1.  0.5 1.  1.  1.  1.  1.  1.
 1.  1.  0.  0.5 1.  1.  1.  1.  1.  1.  1.  1.  1.  1.  1.  1.  1.  1.
 0.5 1.  1.  1.  0.5 1.  1.  1.  1.  0.5 1.  0.5 1.  1.  1.  0.5 1.  1.
 1.  1.  0.5 1.  1.  0.5 1.  0.5 1.  1.  1.  1.  1.  0.5 1.  1.  1.  0.5
 1.  1.  1.  1.  1.  1. ]",0.8741666666666666,"[1.01488771 1.         1.00469422 1.         1.         1.00031241
 1.00178038 1.00057868 1.00611192 1.00384085 1.         1.00056691
 1.         1.         1.         1.00160574 1.0014448  1.
 1.00000727 1.00685611 1.         1.         1.00356507 1.
 1.00000208 1.         1.         1.00153424 1.00417756 1.
 1.00417165 1.         1.         1.         1.00593948 1.0008334
 1.00332851 1.         1.         1.         1.         1.0022264
 1.00206185 1.         1.         1.00039654 1.         1.
 1.        ]",1.0014474238595608,"[524.44628913 537.11290071 495.43241834 544.29692758 507.50639771
 552.29837077 645.84077353 427.16549993 445.01422615 556.90136246
 574.80449702 639.83949246 628.8733642  499.71984569 533.19700801
 611.19633403 564.5316649  623.9525055  509.10385957 618.06451609
 513.4789615  530.30137707 564.31098428 407.12652923 586.58035029
 629.54151541 638.47050965 512.15423362 433.24444079 602.62608751
 413.92329519 377.38446187 693.03543492 589.71022636 432.2156086
 643.14334632 503.63070989 562.50321665 606.85372694 697.96817653
 580.63221357 447.97344684 456.49009862 718.61919655 481.51059136
 629.36221238 521.50535547 645.27999267 567.32905307]",551.5551756512486,377.38446186617574,"[0.8 5.  5.  5.  5.  5.  5.  5.  5.  5.  5.  5.  5.  5.  5.  5.  5.  5.
 5.  5.  5.  5.  5.  5.  5.  5.  5.  5.  5.  5.  5.  5.  5.  5.  5.  5.
 5.  5.  5.  5.  5.  5.  5.  5.  5.  5.  5.  5.  5.  5.  5.  5.  5.  5.
 5.  5.  5.  5.  5.  5.  5.  5.  5.  5.  5.  5.  5.  5.  5.  5.  5.  5.
 5.  5.  5.  5.  5.  5.  5.  5.  5.  5.  5.  5.  5.  5.  5.  5.  5.  5.
 5.  5.  5.  5.  5.  5.  5.  5.  5.  5.  5.  5.  5.  5.  5.  5.  5.  5.
 5.  5.  5.  5.  5.  5.  5.  5.  5.  5.  5.  5.  5.  5.  5.  5.  5.  5.
 5.  5.  5.  5.  5.  5.  5.  5.  5.  5.  5.  5.  5.  5.  5.  5.  5.  5.
 5.  5.  5.  5.  5.  5.  5.  5.  5.  5.  5.  5.  5.  5.  5.  5.  5.  5.
 5.  5.  5.  5.  5.  5.  5.  5.  5.  5.  5.  5.  5.  5.  5.  5.  5.  5.
 5.  5.  5.  5.  5.  5.  5.  5.  5.  5.  5.  5.  5.  5.  5.  5.  5.  5.
 5.  5.  5.  5.  5.  5.  5.  5.  5.  5.  5.  5.  5.  5.  5.  5.  5.  5.
 5.  5.  5.  5.  5.  5.  5.  5.  5.  5.  5.  5.  5.  5.  5.  5.  5.  5.
 5.  5.  5.  5.  5.  5.  5.  5.  5.  5.  5.  5.  5.  5.  5.  5.  5.  5.
 5.  5.  5.  5.  5.  5.  5.  5.  5.  5.  5.  5.  5.  5.  5.  5.  5.  5.
 5.  5.  5.  5.  5.  5.  5.  5.  5.  5.  5.  5.  5.  5.  5.  5.  5.  5.
 5.  5.  5.  5.  5.  5.  5.  5.  5.  5.  5.  5.  5.  5.  5.  5.  5.  5.
 5.  5.  5.  5.  5.  5.  5.  5.  5.  5.  5.  5.  5.  5.  5.  5.  5.  5.
 5.  5.  5.  5.  5.  5.  5.  5.  5.  5.  5.  5.  5.  5.  5.  5.  5.  5.
 5.  5.  5.  5.  5.  5.  5.  5.  5.  5.  5.  5.  5.  5.  5.  5.  5.  5.
 5.  5.  5.  5.  5.  5.  5.  5.  5.  5.  5.  5.  5.  5.  5.  5.  5.  5.
 5.  5.  5.  5.  5.  5.  5.  5.  5.  5.  5.  5.  5.  5.  5.  5.  5.  5.
 5.  5.  5.  5.  5.  5.  5.  5.  5.  5.  5.  5.  5.  5.  5.  5.  5.  5.
 5.  5.  5.  5.  5.  5.  5.  5.  5.  5.  5.  5.  5.  5.  5.  5.  5.  5.
 5.  5.  5.  5.  5.  5.  5.  5.  5.  5.  5.  5.  5.  5.  5.  5.  5.  5.
 5.  5.  5.  5.  5.  5.  5.  5.  5.  5.  5.  5.  5.  5.  5.  5.  5.  5.
 5.  5.  5.  5.  5.  5.  5.  5.  5.  5.  5.  5.  5.  5.  5.  5.  5.  5.
 5.  5.  5.  5.  5.  5.  5.  5.  5.  5.  5.  5.  5.  5.  5.  5.  5.  5.
 5.  5.  5.  5.  5.  5.  5.  5.  5.  5.  5.  5.  5.  5.  5.  5.  5.  5.
 5.  5.  5.  5.  5.  5.  5.  5.  5.  5.  5.  5.  5.  5.  5.  5.  5.  5.
 5.  5.  5.  5.  5.  5.  5.  5.  5.  5.  5.  5.  5.  5.  5.  5.  5.  5.
 5.  5.  5.  5.  5.  5.  5.  5.  5.  5.  5.  5.  5.  5.  5.  5.  5.  5.
 5.  5.  5.  5.  5.  5.  5.  5.  5.  5.  5.  5.  5.  5.  5.  5.  5.  5.
 5.  5.  5.  5.  5.  5. ]",5.0,0.026421678522376722,0.2803321697945752
2023-10-31,"[1.  1.  1.  1.  1.  0.5 0.5 1.  0.  0.  1.  1.  1.  1.  1.  1.  1.  1.
 1.  1.  1.  1.  0.  1.  1.  1.  1.  1.  1.  0.  0.5 1.  0.5 1.  1.  1.
 1.  1.  1.  1.  1.  1.  1.  1.  1.  1.  1.  1.  1.  0.5 1.  1.  1.  0.5
 1.  1.  1.  0.5 0.5 1.  1.  1.  0.5 1.  1.  1.  1.  0.5 1.  1.  1.  0.5
 0.5 0.5 1.  1.  1.  1.  1.  1.  1.  0.5 1.  0.  1.  0.5 0.5 1.  1.  1.
 1.  0.5 0.5 1.  0.5 1.  1.  1.  1.  1.  0.5 1.  0.5 1.  1.  0.5 0.5 1.
 0.5 1.  1.  1.  1.  1.  0.5 1.  0.5 1.  1.  1.  0.5 1.  1.  1.  1.  0.5
 1.  0.5 1.  1.  0.5 1.  1.  1.  1.  0.5 1.  0.5 1.  1.  1.  0.5 1.  1.
 0.5 1.  1.  0.5 1.  0.5 1.  1.  1.  1.  1.  1.  1.  1.  0.5 1.  1.  1.
 1.  1.  0.5 1.  1.  1.  0.5 1.  1.  0.5 1.  1.  1.  1.  1.  1.  1.  1.
 1.  1.  1.  1.  0.5 0.5 1.  1.  0.5 0.5 1.  1.  0.5 1.  1.  0.  1.  1.
 1.  1.  1.  0.  1.  1.  0.5 0.5 0.5 0.5 1.  1.  1.  0.5 1.  1.  0.5 1.
 1.  0.5 1.  1.  1.  1.  1.  1.  1.  0.5 1.  1.  0.5 1.  1.  0.5 1.  1.
 0.5 1.  1.  1.  1.  1.  1.  0.5 1.  0.5 1.  1.  1.  1.  0.5 1.  0.5 1.
 1.  1.  1.  1.  0.5 1.  1.  1.  0.5 1.  1.  1.  0.5 1.  0.5 1.  1.  1.
 0.  1.  1.  1.  1.  1.  1.  1.  0.5 1.  1.  1.  1.  1.  0.5 1.  1.  0.5
 1.  1.  0.5 1.  1.  0.5 1.  1.  1.  1.  1.  1.  0.5 1.  1.  0.5 1.  0.5
 0.5 1.  1.  1.  1.  1.  0.5 1.  1.  1.  1.  1.  1.  1.  1.  1.  1.  1.
 0.5 1.  1.  1.  1.  0.5 1.  1.  1.  1.  0.5 0.5 1.  1.  1.  1.  1.  1.
 1.  1.  0.5 0.5 0.5 1.  1.  1.  1.  1.  1.  1.  0.5 1.  1.  1.  1.  1.
 1.  0.5 1.  1.  1.  1.  1.  0.5 1.  1.  0.5 1.  1.  0.5 1.  1.  1.  1.
 1.  1.  1.  1.  0.5 0.5 1.  1.  1.  1.  1.  0.5 0.5 1.  1.  0.5 1.  1.
 1.  0.5 0.5 1.  0.5 1.  1.  0.  0.5 1.  0.5 0.5 0.5 1.  0.5 0.5 1.  1.
 1.  1.  1.  1.  1.  0.5 1.  1.  1.  1.  0.5 1.  1.  1.  1.  1.  1.  1.
 1.  0.5 0.5 1.  1.  1.  0.5 1.  1.  0.5 0.5 1.  1.  0.5 1.  1.  1.  1.
 1.  1.  1.  1.  1.  0.5 1.  1.  1.  1.  1.  0.5 1.  1.  0.5 1.  1.  1.
 1.  0.5 1.  0.5 1.  0.5 1.  1.  1.  1.  1.  1.  1.  1.  0.5 1.  1.  0.5
 1.  0.5 1.  1.  0.5 0.5 1.  1.  1.  1.  1.  1.  1.  1.  0.5 0.5 1.  0.5
 1.  1.  1.  1.  0.5 1.  1.  0.5 0.5 1.  1.  1.  0.5 1.  1.  1.  1.  1.
 1.  1.  1.  1.  1.  0.5 1.  0.5 1.  1.  1.  1.  1.  1.  1.  1.  1.  1.
 1.  1.  0.5 0.5 0.5 1.  1.  1.  1.  1.  1.  1.  1.  1.  1.  1.  1.  1.
 0.5 1.  0.5 1.  0.5 1.  1.  1.  0.5 1.  1.  0.  1.  1.  1.  0.5 1.  1.
 1.  1.  1.  1.  1.  1.  1.  1.  1.  1.  1.  0.5 0.5 0.5 0.5 1.  1.  1.
 1.  0.5 1.  1.  1.  1. ]",0.8658333333333333,"[1.00036037 1.         1.         1.         1.         1.
 1.         1.00568622 1.         1.         1.00007484 1.
 1.00003688 1.         1.         1.00473623 1.00098085 1.00097619
 1.         1.         1.         1.         1.00161697 1.00218474
 1.00776839 1.         1.         1.00027258 1.         1.00061209
 1.         1.         1.         1.         1.         1.
 1.00483787 1.00095312 1.         1.00001724 1.         1.
 1.00608201 1.00045731 1.         1.         1.00563101 1.
 1.00045585]",1.0008926685549637,"[654.71133484 715.86730362 541.28268711 656.30953183 607.67675401
 657.20563395 360.62567371 468.38622343 560.60667936 626.31444285
 628.25051587 627.72289356 427.03366897 713.7396744  559.77685459
 523.53081164 591.26151993 469.69331789 545.59591719 755.40383974
 551.49903985 682.70308461 402.85845488 497.36671836 331.12610332
 598.10879416 583.39623564 556.36811727 585.21857106 620.59401988
 561.9127449  481.44819147 476.52067471 454.065247   585.18251604
 643.35444826 485.86446259 695.28586719 563.26987552 629.00832191
 452.80443307 573.36553103 512.5025266  708.15884024 607.63608085
 724.37074361 455.21220924 658.31666025 255.10683922]",563.7473598205996,255.10683922395341,"[0.8 5.  5.  5.  5.  5.  5.  5.  5.  5.  5.  5.  5.  5.  5.  5.  5.  5.
 5.  5.  5.  5.  5.  5.  5.  5.  5.  5.  5.  5.  5.  5.  5.  5.  5.  5.
 5.  5.  5.  5.  5.  5.  5.  5.  5.  5.  5.  5.  5.  5.  5.  5.  5.  5.
 5.  5.  5.  5.  5.  5.  5.  5.  5.  5.  5.  5.  5.  5.  5.  5.  5.  5.
 5.  5.  5.  5.  5.  5.  5.  5.  5.  5.  5.  5.  5.  5.  5.  5.  5.  5.
 5.  5.  5.  5.  5.  5.  5.  5.  5.  5.  5.  5.  5.  5.  5.  5.  5.  5.
 5.  5.  5.  5.  5.  5.  5.  5.  5.  5.  5.  5.  5.  5.  5.  5.  5.  5.
 5.  5.  5.  5.  5.  5.  5.  5.  5.  5.  5.  5.  5.  5.  5.  5.  5.  5.
 5.  5.  5.  5.  5.  5.  5.  5.  5.  5.  5.  5.  5.  5.  5.  5.  5.  5.
 5.  5.  5.  5.  5.  5.  5.  5.  5.  5.  5.  5.  5.  5.  5.  5.  5.  5.
 5.  5.  5.  5.  5.  5.  5.  5.  5.  5.  5.  5.  5.  5.  5.  5.  5.  5.
 5.  5.  5.  5.  5.  5.  5.  5.  5.  5.  5.  5.  5.  5.  5.  5.  5.  5.
 5.  5.  5.  5.  5.  5.  5.  5.  5.  5.  5.  5.  5.  5.  5.  5.  5.  5.
 5.  5.  5.  5.  5.  5.  5.  5.  5.  5.  5.  5.  5.  5.  5.  5.  5.  5.
 5.  5.  5.  5.  5.  5.  5.  5.  5.  5.  5.  5.  5.  5.  5.  5.  5.  5.
 5.  5.  5.  5.  5.  5.  5.  5.  5.  5.  5.  5.  5.  5.  5.  5.  5.  5.
 5.  5.  5.  5.  5.  5.  5.  5.  5.  5.  5.  5.  5.  5.  5.  5.  5.  5.
 5.  5.  5.  5.  5.  5.  5.  5.  5.  5.  5.  5.  5.  5.  5.  5.  5.  5.
 5.  5.  5.  5.  5.  5.  5.  5.  5.  5.  5.  5.  5.  5.  5.  5.  5.  5.
 5.  5.  5.  5.  5.  5.  5.  5.  5.  5.  5.  5.  5.  5.  5.  5.  5.  5.
 5.  5.  5.  5.  5.  5.  5.  5.  5.  5.  5.  5.  5.  5.  5.  5.  5.  5.
 5.  5.  5.  5.  5.  5.  5.  5.  5.  5.  5.  5.  5.  5.  5.  5.  5.  5.
 5.  5.  5.  5.  5.  5.  5.  5.  5.  5.  5.  5.  5.  5.  5.  5.  5.  5.
 5.  5.  5.  5.  5.  5.  5.  5.  5.  5.  5.  5.  5.  5.  5.  5.  5.  5.
 5.  5.  5.  5.  5.  5.  5.  5.  5.  5.  5.  5.  5.  5.  5.  5.  5.  5.
 5.  5.  5.  5.  5.  5.  5.  5.  5.  5.  5.  5.  5.  5.  5.  5.  5.  5.
 5.  5.  5.  5.  5.  5.  5.  5.  5.  5.  5.  5.  5.  5.  5.  5.  5.  5.
 5.  5.  5.  5.  5.  5.  5.  5.  5.  5.  5.  5.  5.  5.  5.  5.  5.  5.
 5.  5.  5.  5.  5.  5.  5.  5.  5.  5.  5.  5.  5.  5.  5.  5.  5.  5.
 5.  5.  5.  5.  5.  5.  5.  5.  5.  5.  5.  5.  5.  5.  5.  5.  5.  5.
 5.  5.  5.  5.  5.  5.  5.  5.  5.  5.  5.  5.  5.  5.  5.  5.  5.  5.
 5.  5.  5.  5.  5.  5.  5.  5.  5.  5.  5.  5.  5.  5.  5.  5.  5.  5.
 5.  5.  5.  5.  5.  5.  5.  5.  5.  5.  5.  5.  5.  5.  5.  5.  5.  5.
 5.  5.  5.  5.  5.  5. ]",5.0,0.027134561588726142,0.24219506955823095
2023-11-30,"[1.  1.  1.  1.  1.  0.5 1.  1.  0.5 1.  1.  0.5 1.  0.5 1.  0.5 1.  1.
 1.  1.  0.5 1.  1.  0.5 1.  1.  1.  0.5 1.  1.  1.  0.5 0.5 1.  1.  1.
 1.  1.  1.  0.5 1.  1.  1.  0.5 0.5 1.  1.  1.  1.  1.  1.  1.  1.  1.
 1.  1.  1.  1.  0.5 1.  1.  1.  1.  0.5 1.  0.5 1.  1.  1.  1.  1.  1.
 0.5 0.5 1.  0.5 1.  1.  1.  0.5 0.5 1.  1.  1.  0.5 0.5 1.  1.  1.  1.
 1.  1.  1.  1.  1.  1.  1.  1.  1.  1.  1.  1.  1.  1.  1.  1.  1.  1.
 1.  1.  1.  1.  1.  1.  1.  1.  0.5 0.5 1.  1.  1.  1.  0.5 1.  0.5 0.5
 1.  1.  0.5 1.  1.  0.5 1.  1.  1.  1.  1.  1.  1.  1.  1.  1.  1.  1.
 1.  1.  1.  1.  0.5 1.  1.  0.5 1.  1.  0.5 1.  1.  1.  1.  1.  1.  1.
 0.5 1.  1.  1.  0.5 1.  0.5 1.  0.5 1.  1.  0.5 1.  1.  0.  0.5 1.  0.5
 1.  1.  1.  1.  0.5 1.  1.  1.  1.  1.  0.  1.  1.  1.  1.  1.  1.  0.5
 1.  0.5 1.  1.  1.  1.  0.5 0.5 0.5 0.5 1.  0.5 1.  1.  1.  1.  1.  1.
 1.  1.  0.5 1.  1.  1.  0.  1.  1.  1.  1.  1.  1.  1.  1.  1.  1.  1.
 0.5 1.  1.  1.  1.  1.  1.  1.  1.  1.  1.  0.5 0.5 1.  1.  1.  1.  1.
 0.5 1.  1.  0.5 1.  0.5 1.  1.  1.  0.5 1.  1.  1.  1.  1.  0.5 1.  1.
 1.  1.  0.5 1.  1.  1.  1.  1.  1.  0.5 1.  1.  0.5 1.  0.5 1.  1.  0.5
 0.5 1.  1.  0.5 1.  1.  1.  0.5 1.  1.  1.  0.5 0.  1.  0.5 1.  1.  1.
 1.  1.  1.  0.5 1.  0.5 1.  0.5 0.5 0.5 1.  1.  1.  1.  1.  1.  1.  1.
 1.  1.  1.  0.5 1.  1.  1.  0.5 0.5 1.  0.  1.  1.  1.  1.  0.5 0.5 0.5
 1.  1.  1.  1.  1.  1.  1.  1.  1.  1.  1.  1.  1.  1.  1.  1.  1.  0.5
 0.5 1.  1.  1.  1.  1.  1.  0.5 0.5 1.  1.  1.  1.  0.5 0.5 1.  1.  1.
 1.  1.  0.5 1.  1.  1.  1.  1.  1.  1.  1.  1.  0.5 1.  0.5 1.  1.  1.
 1.  1.  1.  1.  0.5 1.  0.5 1.  1.  0.5 1.  0.5 1.  1.  1.  1.  1.  1.
 0.5 0.5 1.  1.  0.5 1.  1.  1.  1.  1.  0.5 0.5 1.  1.  1.  0.5 0.5 1.
 1.  1.  1.  0.  0.5 1.  0.5 0.5 1.  0.5 1.  1.  1.  1.  1.  1.  0.5 1.
 1.  1.  0.5 1.  1.  1.  1.  1.  1.  0.  1.  1.  1.  1.  1.  0.5 1.  1.
 1.  1.  0.5 1.  1.  1.  1.  0.5 0.  1.  1.  1.  1.  1.  1.  1.  1.  1.
 0.5 1.  0.5 1.  0.5 1.  0.5 1.  1.  1.  1.  1.  1.  1.  1.  0.5 0.5 0.5
 1.  1.  1.  1.  1.  1.  1.  0.5 0.5 1.  1.  0.5 1.  1.  1.  1.  1.  1.
 1.  1.  0.5 1.  0.5 1.  1.  1.  1.  0.5 1.  1.  1.  1.  1.  1.  1.  1.
 1.  1.  1.  1.  0.5 1.  1.  1.  1.  1.  1.  1.  1.  1.  1.  1.  1.  1.
 1.  1.  1.  1.  0.5 1.  1.  1.  1.  0.5 1.  1.  1.  1.  1.  0.5 1.  1.
 1.  1.  1.  1.  1.  1.  1.  1.  1.  0.5 1.  0.5 1.  1.  1.  1.  1.  0.5
 1.  1.  1.  1.  1.  1. ]",0.8808333333333334,"[1.         1.         1.01132715 1.0008374  1.00432734 1.
 1.         1.00006729 1.         1.00316536 1.00253677 1.00728996
 1.         1.00188504 1.0050002  1.         1.00412837 1.00005567
 1.         1.         1.00090024 1.         1.00657327 1.00623717
 1.         1.00960518 1.00438298 1.         1.         1.00014674
 1.         1.00277811 1.         1.         1.         1.00200772
 1.00805912 1.00084512 1.00100503 1.         1.         1.
 1.         1.00488879 1.00314672 1.0000236  1.         1.
 1.        ]",1.0018616393164361,"[511.1100245  583.7491937  274.60136431 439.70921823 652.64072275
 418.31069928 388.54169042 595.96597962 485.02009823 431.53172828
 475.57745636 417.63272153 485.30905558 385.70288675 534.4408237
 513.93687489 515.97514432 359.23959305 481.02076398 525.27095476
 498.56030439 462.95335167 653.77302526 431.77159048 443.20016839
 324.14770069 600.24728271 703.84917372 523.84765981 589.73510058
 451.72034484 556.25586513 522.24835311 667.31859987 501.04259834
 381.31528661 419.89854372 561.15604318 466.43034241 405.68420422
 606.04397893 588.09467161 637.95473167 607.33688968 557.53053225
 544.00316009 714.67954628 800.         554.23529102]",515.3126803041534,274.60136431077,"[0.8 5.  5.  5.  5.  5.  5.  5.  5.  5.  5.  5.  5.  5.  5.  5.  5.  5.
 5.  5.  5.  5.  5.  5.  5.  5.  5.  5.  5.  5.  5.  5.  5.  5.  5.  5.
 5.  5.  5.  5.  5.  5.  5.  5.  5.  5.  5.  5.  5.  5.  5.  5.  5.  5.
 5.  5.  5.  5.  5.  5.  5.  5.  5.  5.  5.  5.  5.  5.  5.  5.  5.  5.
 5.  5.  5.  5.  5.  5.  5.  5.  5.  5.  5.  5.  5.  5.  5.  5.  5.  5.
 5.  5.  5.  5.  5.  5.  5.  5.  5.  5.  5.  5.  5.  5.  5.  5.  5.  5.
 5.  5.  5.  5.  5.  5.  5.  5.  5.  5.  5.  5.  5.  5.  5.  5.  5.  5.
 5.  5.  5.  5.  5.  5.  5.  5.  5.  5.  5.  5.  5.  5.  5.  5.  5.  5.
 5.  5.  5.  5.  5.  5.  5.  5.  5.  5.  5.  5.  5.  5.  5.  5.  5.  5.
 5.  5.  5.  5.  5.  5.  5.  5.  5.  5.  5.  5.  5.  5.  5.  5.  5.  5.
 5.  5.  5.  5.  5.  5.  5.  5.  5.  5.  5.  5.  5.  5.  5.  5.  5.  5.
 5.  5.  5.  5.  5.  5.  5.  5.  5.  5.  5.  5.  5.  5.  5.  5.  5.  5.
 5.  5.  5.  5.  5.  5.  5.  5.  5.  5.  5.  5.  5.  5.  5.  5.  5.  5.
 5.  5.  5.  5.  5.  5.  5.  5.  5.  5.  5.  5.  5.  5.  5.  5.  5.  5.
 5.  5.  5.  5.  5.  5.  5.  5.  5.  5.  5.  5.  5.  5.  5.  5.  5.  5.
 5.  5.  5.  5.  5.  5.  5.  5.  5.  5.  5.  5.  5.  5.  5.  5.  5.  5.
 5.  5.  5.  5.  5.  5.  5.  5.  5.  5.  5.  5.  5.  5.  5.  5.  5.  5.
 5.  5.  5.  5.  5.  5.  5.  5.  5.  5.  5.  5.  5.  5.  5.  5.  5.  5.
 5.  5.  5.  5.  5.  5.  5.  5.  5.  5.  5.  5.  5.  5.  5.  5.  5.  5.
 5.  5.  5.  5.  5.  5.  5.  5.  5.  5.  5.  5.  5.  5.  5.  5.  5.  5.
 5.  5.  5.  5.  5.  5.  5.  5.  5.  5.  5.  5.  5.  5.  5.  5.  5.  5.
 5.  5.  5.  5.  5.  5.  5.  5.  5.  5.  5.  5.  5.  5.  5.  5.  5.  5.
 5.  5.  5.  5.  5.  5.  5.  5.  5.  5.  5.  5.  5.  5.  5.  5.  5.  5.
 5.  5.  5.  5.  5.  5.  5.  5.  5.  5.  5.  5.  5.  5.  5.  5.  5.  5.
 5.  5.  5.  5.  5.  5.  5.  5.  5.  5.  5.  5.  5.  5.  5.  5.  5.  5.
 5.  5.  5.  5.  5.  5.  5.  5.  5.  5.  5.  5.  5.  5.  5.  5.  5.  5.
 5.  5.  5.  5.  5.  5.  5.  5.  5.  5.  5.  5.  5.  5.  5.  5.  5.  5.
 5.  5.  5.  5.  5.  5.  5.  5.  5.  5.  5.  5.  5.  5.  5.  5.  5.  5.
 5.  5.  5.  5.  5.  5.  5.  5.  5.  5.  5.  5.  5.  5.  5.  5.  5.  5.
 5.  5.  5.  5.  5.  5.  5.  5.  5.  5.  5.  5.  5.  5.  5.  5.  5.  5.
 5.  5.  5.  5.  5.  5.  5.  5.  5.  5.  5.  5.  5.  5.  5.  5.  5.  5.
 5.  5.  5.  5.  5.  5.  5.  5.  5.  5.  5.  5.  5.  5.  5.  5.  5.  5.
 5.  5.  5.  5.  5.  5.  5.  5.  5.  5.  5.  5.  5.  5.  5.  5.  5.  5.
 5.  5.  5.  5.  5.  5. ]",5.0,0.035733367058590065,0.23236353065260212
2023-12-31,"[1.  1.  1.  1.  1.  1.  1.  1.  1.  1.  1.  0.5 1.  0.5 1.  0.5 1.  1.
 1.  1.  1.  1.  1.  1.  0.5 1.  1.  1.  1.  0.5 0.5 1.  1.  0.5 1.  1.
 0.5 1.  1.  1.  1.  0.5 1.  1.  1.  1.  1.  1.  1.  0.5 1.  1.  0.5 0.5
 1.  1.  1.  0.5 1.  1.  0.5 1.  1.  1.  1.  1.  1.  1.  1.  1.  1.  1.
 1.  1.  1.  0.5 1.  1.  1.  0.5 1.  1.  1.  1.  1.  1.  1.  1.  1.  1.
 1.  0.5 1.  0.5 1.  1.  1.  0.5 1.  1.  0.5 0.5 0.5 1.  1.  1.  1.  1.
 1.  1.  1.  1.  1.  0.5 1.  1.  1.  1.  1.  0.  1.  0.5 1.  1.  1.  1.
 1.  1.  1.  1.  1.  1.  0.5 0.5 1.  1.  0.5 1.  1.  1.  1.  0.5 0.5 1.
 1.  0.5 1.  1.  1.  0.5 0.5 1.  1.  1.  0.5 1.  1.  1.  0.5 0.5 1.  0.5
 1.  1.  0.5 0.  0.5 1.  1.  1.  1.  0.  1.  1.  0.5 0.  0.5 1.  1.  1.
 1.  1.  0.5 1.  1.  1.  1.  0.5 1.  1.  1.  1.  1.  1.  1.  1.  0.5 1.
 1.  1.  0.5 0.5 0.5 1.  1.  1.  1.  0.5 1.  1.  0.5 1.  1.  1.  0.5 1.
 1.  1.  1.  1.  0.5 1.  1.  0.  1.  1.  0.5 1.  1.  1.  0.  1.  1.  1.
 1.  0.5 1.  1.  1.  1.  0.5 1.  1.  1.  0.5 1.  1.  1.  1.  0.5 1.  1.
 1.  1.  0.5 1.  1.  0.5 1.  0.5 1.  1.  0.5 1.  0.5 1.  1.  1.  1.  1.
 0.5 1.  0.5 1.  1.  1.  0.5 1.  0.5 0.5 1.  0.5 1.  0.5 0.5 1.  1.  1.
 1.  1.  1.  0.5 0.5 1.  0.5 1.  1.  1.  1.  1.  1.  1.  0.5 1.  0.5 1.
 1.  0.5 0.5 1.  1.  1.  1.  0.5 1.  1.  1.  1.  1.  1.  0.5 0.5 1.  1.
 1.  1.  0.5 1.  1.  1.  1.  1.  1.  1.  1.  1.  0.5 1.  1.  1.  1.  1.
 1.  1.  1.  1.  1.  1.  1.  0.5 0.5 0.5 1.  1.  1.  1.  1.  1.  1.  1.
 1.  1.  0.5 1.  0.5 1.  1.  1.  1.  1.  1.  0.5 0.5 1.  1.  0.5 1.  1.
 0.5 1.  0.5 1.  0.5 1.  1.  1.  1.  1.  1.  1.  1.  1.  0.5 0.5 1.  1.
 1.  1.  0.5 1.  0.5 1.  1.  1.  1.  0.  1.  1.  0.5 1.  1.  1.  0.5 1.
 1.  1.  1.  1.  1.  1.  1.  1.  1.  0.5 0.5 1.  1.  0.5 1.  1.  0.5 1.
 1.  0.5 0.5 1.  1.  1.  1.  0.5 0.  1.  1.  1.  0.5 1.  0.5 1.  1.  1.
 1.  1.  0.5 1.  1.  1.  0.5 1.  0.5 0.5 1.  1.  1.  1.  1.  1.  1.  1.
 0.  1.  1.  1.  0.5 0.5 1.  1.  0.5 1.  1.  1.  1.  1.  1.  1.  1.  1.
 1.  0.5 0.5 1.  0.5 0.5 0.5 1.  0.5 1.  1.  1.  1.  1.  1.  1.  0.5 1.
 1.  1.  1.  1.  1.  1.  0.5 0.5 0.  1.  1.  0.5 0.  1.  1.  0.5 1.  1.
 1.  1.  1.  1.  1.  1.  1.  1.  1.  0.5 1.  1.  1.  1.  0.5 1.  1.  0.5
 1.  1.  1.  1.  1.  1.  1.  1.  1.  1.  1.  1.  1.  1.  1.  1.  1.  1.
 0.5 1.  1.  0.5 1.  0.5 1.  1.  0.5 1.  1.  1.  1.  1.  1.  1.  1.  1.
 1.  1.  1.  1.  1.  1.  1.  1.  0.5 1.  1.  0.5 1.  0.5 1.  1.  0.5 1.
 1.  1.  1.  1.  1.  1. ]",0.8691666666666666,"[1.         1.00030908 1.         1.         1.00101594 1.
 1.         1.00127908 1.         1.         1.00048076 1.00161658
 1.00000982 1.00123977 1.         1.         1.         1.00149462
 1.         1.         1.         1.00391439 1.00349031 1.00107139
 1.         1.         1.         1.00368703 1.00198063 1.00016841
 1.00124599 1.         1.         1.00686284 1.         1.
 1.         1.         1.00196942 1.         1.         1.00371547
 1.         1.00475082 1.         1.         1.         1.00052891
 1.        ]",1.000833290521986,"[537.91245938 465.42055136 577.19070726 537.16390896 595.28785891
 514.53603763 437.72626939 517.56426058 675.47119442 456.72550304
 659.37165504 665.02740581 563.45284766 626.10168982 443.07067323
 538.01420448 449.94177445 574.17166574 664.92483831 554.05986409
 531.04597421 486.99428303 465.28155649 596.27774497 380.52150458
 351.22702764 530.12764705 475.7646431  555.98438088 555.02382007
 459.04494745 484.77839783 551.84011963 480.71486605 516.74568863
 660.67757419 446.00844925 650.82780791 620.3012147  487.84349005
 528.76890866 548.51423435 442.73442807 544.59938111 545.08998076
 605.68734127 641.55439155 800.         507.95208568]",540.9197399742371,351.22702764085614,"[0.8 5.  5.  5.  5.  5.  5.  5.  5.  5.  5.  5.  5.  5.  5.  5.  5.  5.
 5.  5.  5.  5.  5.  5.  5.  5.  5.  5.  5.  5.  5.  5.  5.  5.  5.  5.
 5.  5.  5.  5.  5.  5.  5.  5.  5.  5.  5.  5.  5.  5.  5.  5.  5.  5.
 5.  5.  5.  5.  5.  5.  5.  5.  5.  5.  5.  5.  5.  5.  5.  5.  5.  5.
 5.  5.  5.  5.  5.  5.  5.  5.  5.  5.  5.  5.  5.  5.  5.  5.  5.  5.
 5.  5.  5.  5.  5.  5.  5.  5.  5.  5.  5.  5.  5.  5.  5.  5.  5.  5.
 5.  5.  5.  5.  5.  5.  5.  5.  5.  5.  5.  5.  5.  5.  5.  5.  5.  5.
 5.  5.  5.  5.  5.  5.  5.  5.  5.  5.  5.  5.  5.  5.  5.  5.  5.  5.
 5.  5.  5.  5.  5.  5.  5.  5.  5.  5.  5.  5.  5.  5.  5.  5.  5.  5.
 5.  5.  5.  5.  5.  5.  5.  5.  5.  5.  5.  5.  5.  5.  5.  5.  5.  5.
 5.  5.  5.  5.  5.  5.  5.  5.  5.  5.  5.  5.  5.  5.  5.  5.  5.  5.
 5.  5.  5.  5.  5.  5.  5.  5.  5.  5.  5.  5.  5.  5.  5.  5.  5.  5.
 5.  5.  5.  5.  5.  5.  5.  5.  5.  5.  5.  5.  5.  5.  5.  5.  5.  5.
 5.  5.  5.  5.  5.  5.  5.  5.  5.  5.  5.  5.  5.  5.  5.  5.  5.  5.
 5.  5.  5.  5.  5.  5.  5.  5.  5.  5.  5.  5.  5.  5.  5.  5.  5.  5.
 5.  5.  5.  5.  5.  5.  5.  5.  5.  5.  5.  5.  5.  5.  5.  5.  5.  5.
 5.  5.  5.  5.  5.  5.  5.  5.  5.  5.  5.  5.  5.  5.  5.  5.  5.  5.
 5.  5.  5.  5.  5.  5.  5.  5.  5.  5.  5.  5.  5.  5.  5.  5.  5.  5.
 5.  5.  5.  5.  5.  5.  5.  5.  5.  5.  5.  5.  5.  5.  5.  5.  5.  5.
 5.  5.  5.  5.  5.  5.  5.  5.  5.  5.  5.  5.  5.  5.  5.  5.  5.  5.
 5.  5.  5.  5.  5.  5.  5.  5.  5.  5.  5.  5.  5.  5.  5.  5.  5.  5.
 5.  5.  5.  5.  5.  5.  5.  5.  5.  5.  5.  5.  5.  5.  5.  5.  5.  5.
 5.  5.  5.  5.  5.  5.  5.  5.  5.  5.  5.  5.  5.  5.  5.  5.  5.  5.
 5.  5.  5.  5.  5.  5.  5.  5.  5.  5.  5.  5.  5.  5.  5.  5.  5.  5.
 5.  5.  5.  5.  5.  5.  5.  5.  5.  5.  5.  5.  5.  5.  5.  5.  5.  5.
 5.  5.  5.  5.  5.  5.  5.  5.  5.  5.  5.  5.  5.  5.  5.  5.  5.  5.
 5.  5.  5.  5.  5.  5.  5.  5.  5.  5.  5.  5.  5.  5.  5.  5.  5.  5.
 5.  5.  5.  5.  5.  5.  5.  5.  5.  5.  5.  5.  5.  5.  5.  5.  5.  5.
 5.  5.  5.  5.  5.  5.  5.  5.  5.  5.  5.  5.  5.  5.  5.  5.  5.  5.
 5.  5.  5.  5.  5.  5.  5.  5.  5.  5.  5.  5.  5.  5.  5.  5.  5.  5.
 5.  5.  5.  5.  5.  5.  5.  5.  5.  5.  5.  5.  5.  5.  5.  5.  5.  5.
 5.  5.  5.  5.  5.  5.  5.  5.  5.  5.  5.  5.  5.  5.  5.  5.  5.  5.
 5.  5.  5.  5.  5.  5.  5.  5.  5.  5.  5.  5.  5.  5.  5.  5.  5.  5.
 5.  5.  5.  5.  5.  5. ]",5.0,0.03969710575354409,0.2942775312721384
2024-01-31,"[1.  1.  0.5 1.  1.  1.  1.  1.  0.5 1.  1.  1.  1.  1.  0.5 0.5 1.  1.
 1.  1.  1.  0.5 1.  1.  0.5 1.  1.  1.  1.  0.5 1.  1.  1.  1.  0.5 1.
 1.  1.  1.  1.  0.5 1.  0.5 1.  0.5 1.  1.  1.  1.  1.  0.  0.5 1.  1.
 0.5 1.  1.  1.  0.5 1.  0.5 1.  0.5 1.  1.  1.  1.  0.5 1.  0.5 1.  1.
 0.  1.  1.  0.5 1.  1.  1.  0.5 0.  0.  1.  0.  1.  0.5 1.  0.5 1.  1.
 0.5 1.  1.  1.  0.5 1.  0.5 1.  1.  0.5 0.  1.  0.5 1.  0.5 0.5 0.5 0.5
 1.  1.  0.5 1.  1.  1.  1.  0.5 1.  1.  1.  1.  0.5 1.  1.  1.  1.  0.5
 1.  1.  0.5 1.  1.  0.5 0.  1.  0.5 0.5 1.  0.5 1.  1.  1.  0.5 0.5 0.5
 1.  0.5 1.  1.  0.5 1.  1.  0.5 1.  1.  1.  0.5 1.  1.  0.5 1.  1.  1.
 0.5 1.  1.  0.5 1.  1.  1.  1.  1.  1.  0.5 1.  0.5 1.  1.  1.  0.5 1.
 1.  0.5 1.  1.  0.5 0.  0.5 0.5 0.5 1.  1.  1.  0.5 1.  1.  0.5 0.5 1.
 1.  1.  0.5 1.  1.  0.5 1.  0.5 1.  0.5 1.  0.5 1.  1.  0.5 1.  0.5 0.
 1.  1.  0.5 0.5 1.  0.5 0.5 1.  1.  0.5 1.  1.  1.  0.5 0.5 1.  0.5 0.5
 0.  0.5 0.  0.5 0.5 1.  0.  1.  1.  1.  0.5 1.  0.5 1.  0.5 0.5 1.  0.5
 0.5 1.  0.5 1.  0.5 1.  1.  0.5 0.5 0.5 1.  1.  1.  0.5 1.  0.5 1.  1.
 1.  0.5 0.5 1.  1.  0.5 0.  0.5 0.5 1.  1.  1.  0.  1.  0.5 0.5 0.5 0.5
 1.  1.  0.  1.  0.5 0.5 1.  0.5 1.  0.5 1.  1.  0.5 0.5 0.5 0.5 0.5 1.
 1.  1.  0.5 0.5 0.5 1.  1.  0.5 1.  1.  1.  0.5 0.5 1.  0.5 1.  0.5 0.5
 1.  0.5 0.5 0.5 1.  1.  0.5 1.  1.  1.  1.  0.5 1.  0.5 1.  1.  1.  0.5
 1.  1.  1.  1.  0.5 0.5 1.  0.5 1.  0.5 1.  1.  1.  1.  1.  1.  1.  0.5
 0.5 1.  1.  0.5 1.  1.  0.5 0.5 1.  1.  1.  1.  0.5 0.5 0.5 0.5 1.  1.
 0.5 1.  1.  1.  0.5 1.  1.  1.  0.5 1.  1.  0.5 1.  1.  0.5 1.  1.  1.
 1.  0.5 0.5 1.  0.  1.  1.  1.  1.  1.  0.5 0.5 1.  1.  1.  1.  1.  1.
 0.5 1.  1.  1.  0.5 1.  1.  0.5 0.5 0.5 1.  1.  1.  1.  1.  1.  1.  1.
 0.5 1.  0.5 1.  0.5 1.  0.5 1.  1.  0.5 1.  0.5 0.5 0.5 1.  0.5 1.  1.
 1.  1.  1.  1.  1.  1.  1.  1.  1.  0.5 0.5 0.5 0.5 1.  1.  1.  0.5 0.5
 1.  1.  1.  1.  1.  0.5 1.  0.5 1.  0.5 1.  1.  0.5 0.5 0.5 0.5 0.5 0.5
 0.5 0.  1.  0.5 1.  0.5 1.  1.  0.5 1.  1.  1.  1.  1.  1.  1.  1.  1.
 0.5 1.  0.  0.5 1.  1.  0.  1.  1.  1.  0.5 0.5 0.  0.5 1.  1.  1.  1.
 1.  1.  1.  1.  0.5 1.  0.5 0.5 1.  1.  0.  1.  1.  1.  1.  1.  1.  0.5
 0.5 1.  0.5 0.  0.5 1.  0.5 0.5 1.  0.5 1.  0.5 1.  1.  1.  1.  1.  0.5
 1.  1.  1.  1.  1.  1.  1.  0.5 0.5 1.  1.  1.  0.  0.  0.5 1.  1.  1.
 1.  1.  1.  0.  1.  1.  1.  0.  1.  0.  0.5 0.5 1.  0.5 0.  1.  1.  1.
 0.5 0.5 0.5 1.  0.5 0.5]",0.7783333333333333,"[1.00221266 1.0025054  1.         1.00150968 1.         1.00226605
 1.0020135  1.00000381 1.         1.         1.         1.
 1.00421017 1.00313614 1.00384353 1.         1.00592356 1.
 1.         1.         1.00037053 1.         1.         1.
 1.00266824 1.00154825 1.         1.00368803 1.         1.
 1.00111619 1.         1.00219682 1.00022553 1.00349959 1.
 1.00067993 1.         1.00908354 1.         1.         1.
 1.         1.00458657 1.         1.00453675 1.         1.
 1.        ]",1.0012617236398282,"[511.68095012 433.42304768 444.10675148 224.49404343 448.82178116
 449.34878405 379.75970753 608.21985124 421.90359959 414.97673652
 454.74137967 432.99879918 512.06074105 359.21978753 493.21627552
 475.37161978 532.40534944 507.51866063 465.17444158 494.25759173
 530.97130403 492.34846429 214.83894813 402.0664354  511.79327298
 575.79234622 479.51842226 472.53796029 336.28392502 506.39090693
 497.05309187 501.50277546 431.80017871 512.50180158 369.65573083
 366.1848021  558.26510296 511.08750266 511.56983796 344.52401585
 563.28623407 423.38720335 562.00483917 297.41409195 384.85510164
 475.15417208 486.61184833 507.09129854 545.90612732]",457.8795436916168,214.8389481268415,"[0.8 5.  5.  5.  5.  5.  5.  5.  5.  5.  5.  5.  5.  5.  5.  5.  5.  5.
 5.  5.  5.  5.  5.  5.  5.  5.  5.  5.  5.  5.  5.  5.  5.  5.  5.  5.
 5.  5.  5.  5.  5.  5.  5.  5.  5.  5.  5.  5.  5.  5.  5.  5.  5.  5.
 5.  5.  5.  5.  5.  5.  5.  5.  5.  5.  5.  5.  5.  5.  5.  5.  5.  5.
 5.  5.  5.  5.  5.  5.  5.  5.  5.  5.  5.  5.  5.  5.  5.  5.  5.  5.
 5.  5.  5.  5.  5.  5.  5.  5.  5.  5.  5.  5.  5.  5.  5.  5.  5.  5.
 5.  5.  5.  5.  5.  5.  5.  5.  5.  5.  5.  5.  5.  5.  5.  5.  5.  5.
 5.  5.  5.  5.  5.  5.  5.  5.  5.  5.  5.  5.  5.  5.  5.  5.  5.  5.
 5.  5.  5.  5.  5.  5.  5.  5.  5.  5.  5.  5.  5.  5.  5.  5.  5.  5.
 5.  5.  5.  5.  5.  5.  5.  5.  5.  5.  5.  5.  5.  5.  5.  5.  5.  5.
 5.  5.  5.  5.  5.  5.  5.  5.  5.  5.  5.  5.  5.  5.  5.  5.  5.  5.
 5.  5.  5.  5.  5.  5.  5.  5.  5.  5.  5.  5.  5.  5.  5.  5.  5.  5.
 5.  5.  5.  5.  5.  5.  5.  5.  5.  5.  5.  5.  5.  5.  5.  5.  5.  5.
 5.  5.  5.  5.  5.  5.  5.  5.  5.  5.  5.  5.  5.  5.  5.  5.  5.  5.
 5.  5.  5.  5.  5.  5.  5.  5.  5.  5.  5.  5.  5.  5.  5.  5.  5.  5.
 5.  5.  5.  5.  5.  5.  5.  5.  5.  5.  5.  5.  5.  5.  5.  5.  5.  5.
 5.  5.  5.  5.  5.  5.  5.  5.  5.  5.  5.  5.  5.  5.  5.  5.  5.  5.
 5.  5.  5.  5.  5.  5.  5.  5.  5.  5.  5.  5.  5.  5.  5.  5.  5.  5.
 5.  5.  5.  5.  5.  5.  5.  5.  5.  5.  5.  5.  5.  5.  5.  5.  5.  5.
 5.  5.  5.  5.  5.  5.  5.  5.  5.  5.  5.  5.  5.  5.  5.  5.  5.  5.
 5.  5.  5.  5.  5.  5.  5.  5.  5.  5.  5.  5.  5.  5.  5.  5.  5.  5.
 5.  5.  5.  5.  5.  5.  5.  5.  5.  5.  5.  5.  5.  5.  5.  5.  5.  5.
 5.  5.  5.  5.  5.  5.  5.  5.  5.  5.  5.  5.  5.  5.  5.  5.  5.  5.
 5.  5.  5.  5.  5.  5.  5.  5.  5.  5.  5.  5.  5.  5.  5.  5.  5.  5.
 5.  5.  5.  5.  5.  5.  5.  5.  5.  5.  5.  5.  5.  5.  5.  5.  5.  5.
 5.  5.  5.  5.  5.  5.  5.  5.  5.  5.  5.  5.  5.  5.  5.  5.  5.  5.
 5.  5.  5.  5.  5.  5.  5.  5.  5.  5.  5.  5.  5.  5.  5.  5.  5.  5.
 5.  5.  5.  5.  5.  5.  5.  5.  5.  5.  5.  5.  5.  5.  5.  5.  5.  5.
 5.  5.  5.  5.  5.  5.  5.  5.  5.  5.  5.  5.  5.  5.  5.  5.  5.  5.
 5.  5.  5.  5.  5.  5.  5.  5.  5.  5.  5.  5.  5.  5.  5.  5.  5.  5.
 5.  5.  5.  5.  5.  5.  5.  5.  5.  5.  5.  5.  5.  5.  5.  5.  5.  5.
 5.  5.  5.  5.  5.  5.  5.  5.  5.  5.  5.  5.  5.  5.  5.  5.  5.  5.
 5.  5.  5.  5.  5.  5.  5.  5.  5.  5.  5.  5.  5.  5.  5.  5.  5.  5.
 5.  5.  5.  5.  5.  5. ]",5.0,0.02864072438183645,0.5706614893273904
2024-02-29,"[1.  1.  1.  1.  0.5 1.  1.  1.  0.5 1.  0.5 0.5 1.  1.  1.  0.5 1.  1.
 0.5 1.  1.  1.  1.  1.  1.  1.  1.  0.5 1.  1.  1.  1.  1.  1.  1.  1.
 1.  0.5 0.  1.  0.5 1.  1.  1.  0.5 1.  1.  1.  1.  1.  1.  0.5 0.5 1.
 1.  1.  0.5 0.5 1.  1.  1.  0.5 1.  1.  1.  1.  1.  0.5 0.5 1.  1.  1.
 0.5 1.  1.  1.  0.5 0.5 0.5 1.  1.  0.5 1.  1.  0.5 0.5 1.  1.  1.  1.
 1.  1.  1.  0.5 1.  1.  1.  1.  1.  1.  0.5 1.  1.  1.  0.5 1.  0.5 0.
 1.  1.  0.5 1.  1.  1.  1.  1.  1.  1.  1.  0.5 1.  1.  1.  0.5 0.5 1.
 0.5 1.  1.  1.  1.  1.  1.  1.  1.  1.  1.  1.  1.  1.  1.  1.  1.  1.
 1.  1.  1.  1.  1.  1.  1.  0.5 1.  1.  1.  1.  1.  1.  0.  1.  1.  1.
 1.  1.  1.  0.5 1.  0.5 1.  1.  0.5 0.5 1.  1.  1.  1.  1.  1.  0.5 1.
 1.  1.  1.  1.  0.5 1.  0.5 0.5 0.5 1.  0.5 1.  1.  0.  1.  1.  1.  1.
 1.  1.  1.  1.  0.5 1.  0.5 1.  1.  0.5 1.  1.  1.  1.  1.  1.  1.  1.
 0.5 0.5 1.  0.5 1.  1.  0.5 1.  1.  0.5 1.  1.  1.  1.  1.  1.  1.  1.
 1.  1.  1.  0.5 0.5 1.  1.  1.  0.5 1.  0.5 1.  1.  1.  1.  0.5 1.  1.
 1.  1.  1.  1.  0.  1.  1.  1.  1.  0.5 1.  1.  0.5 0.5 1.  1.  0.5 1.
 1.  1.  1.  0.5 1.  1.  1.  0.5 1.  0.5 1.  1.  0.5 0.5 1.  0.5 0.5 1.
 0.5 1.  1.  1.  1.  1.  1.  1.  1.  0.5 0.5 1.  1.  1.  1.  0.5 1.  1.
 1.  0.5 1.  1.  1.  1.  1.  0.5 0.5 1.  1.  0.5 1.  1.  0.5 1.  1.  1.
 0.5 1.  1.  0.5 1.  1.  1.  0.5 0.5 0.5 1.  1.  1.  1.  1.  0.5 1.  1.
 1.  1.  1.  1.  1.  1.  0.5 1.  1.  1.  1.  1.  0.5 1.  1.  1.  1.  0.5
 1.  0.5 1.  1.  1.  1.  1.  1.  0.5 1.  1.  1.  0.5 1.  1.  1.  1.  1.
 1.  1.  1.  1.  0.5 1.  0.5 1.  0.5 1.  1.  1.  0.5 1.  1.  1.  1.  1.
 0.5 0.5 0.5 1.  1.  0.5 1.  1.  0.5 0.5 1.  0.5 1.  1.  1.  0.5 1.  0.5
 1.  1.  0.5 1.  1.  0.5 1.  1.  1.  0.5 0.5 1.  1.  1.  0.5 1.  1.  1.
 0.5 0.5 1.  1.  1.  0.5 1.  1.  1.  1.  1.  1.  0.5 1.  0.5 1.  1.  1.
 1.  1.  1.  0.5 1.  1.  0.5 1.  0.5 1.  1.  1.  1.  1.  0.  1.  1.  1.
 1.  1.  0.5 1.  0.5 1.  0.5 0.5 0.5 0.5 0.5 1.  0.5 0.5 0.5 1.  1.  0.5
 1.  0.5 1.  1.  0.5 0.5 1.  0.5 1.  1.  1.  1.  0.5 1.  0.5 0.5 0.5 1.
 1.  0.5 0.5 1.  1.  1.  1.  0.5 1.  1.  1.  1.  1.  1.  1.  0.5 1.  1.
 1.  1.  1.  0.5 1.  1.  1.  1.  0.5 1.  1.  1.  0.5 0.5 1.  0.  1.  0.5
 1.  0.5 0.5 0.5 1.  1.  1.  1.  1.  0.5 0.5 1.  1.  1.  0.5 1.  1.  1.
 0.5 1.  0.5 1.  1.  0.5 0.5 1.  0.  1.  1.  1.  0.5 1.  1.  0.5 0.5 0.5
 1.  1.  1.  1.  1.  0.5 1.  0.5 1.  1.  0.5 1.  1.  1.  1.  0.5 1.  0.5
 1.  0.5 1.  1.  1.  0.5]",0.85,"[1.0077716  1.         1.         1.         1.         1.00013931
 1.00400334 1.         1.00226279 1.         1.         1.
 1.         1.00155152 1.         1.00312053 1.00165052 1.00437311
 1.00310238 1.         1.         1.00247524 1.00071298 1.00336233
 1.         1.         1.         1.         1.00591863 1.
 1.         1.         1.00553865 1.         1.00050997 1.
 1.         1.00749071 1.00832039 1.         1.         1.00005821
 1.00092983 1.00590174 1.         1.         1.00281434 1.
 1.00225725]",1.001515619556998,"[524.6369509  495.21738371 584.49230347 564.41200465 476.66343627
 502.61767059 522.31258845 465.44145689 510.40369444 516.97300256
 532.07242977 519.3710127  515.5029726  380.07099992 580.33674795
 430.95377159 513.4809893  572.69975376 493.34416872 800.
 528.17152412 337.99316436 498.9122416  517.77821168 577.82498527
 557.92158836 532.4036319  581.66422561 585.03076852 515.79649231
 530.38824002 462.33458584 509.69313634 446.08611609 466.67043271
 489.57472464 541.73431427 420.77776785 469.16117323 504.27739218
 604.96859622 431.39406061 446.67238061 450.8455173  665.66637179
 585.29391919 659.39773776 611.51492231 647.38688812]",524.0477234502863,337.9931643589779,"[0.8 5.  5.  5.  5.  5.  5.  5.  5.  5.  5.  5.  5.  5.  5.  5.  5.  5.
 5.  5.  5.  5.  5.  5.  5.  5.  5.  5.  5.  5.  5.  5.  5.  5.  5.  5.
 5.  5.  5.  5.  5.  5.  5.  5.  5.  5.  5.  5.  5.  5.  5.  5.  5.  5.
 5.  5.  5.  5.  5.  5.  5.  5.  5.  5.  5.  5.  5.  5.  5.  5.  5.  5.
 5.  5.  5.  5.  5.  5.  5.  5.  5.  5.  5.  5.  5.  5.  5.  5.  5.  5.
 5.  5.  5.  5.  5.  5.  5.  5.  5.  5.  5.  5.  5.  5.  5.  5.  5.  5.
 5.  5.  5.  5.  5.  5.  5.  5.  5.  5.  5.  5.  5.  5.  5.  5.  5.  5.
 5.  5.  5.  5.  5.  5.  5.  5.  5.  5.  5.  5.  5.  5.  5.  5.  5.  5.
 5.  5.  5.  5.  5.  5.  5.  5.  5.  5.  5.  5.  5.  5.  5.  5.  5.  5.
 5.  5.  5.  5.  5.  5.  5.  5.  5.  5.  5.  5.  5.  5.  5.  5.  5.  5.
 5.  5.  5.  5.  5.  5.  5.  5.  5.  5.  5.  5.  5.  5.  5.  5.  5.  5.
 5.  5.  5.  5.  5.  5.  5.  5.  5.  5.  5.  5.  5.  5.  5.  5.  5.  5.
 5.  5.  5.  5.  5.  5.  5.  5.  5.  5.  5.  5.  5.  5.  5.  5.  5.  5.
 5.  5.  5.  5.  5.  5.  5.  5.  5.  5.  5.  5.  5.  5.  5.  5.  5.  5.
 5.  5.  5.  5.  5.  5.  5.  5.  5.  5.  5.  5.  5.  5.  5.  5.  5.  5.
 5.  5.  5.  5.  5.  5.  5.  5.  5.  5.  5.  5.  5.  5.  5.  5.  5.  5.
 5.  5.  5.  5.  5.  5.  5.  5.  5.  5.  5.  5.  5.  5.  5.  5.  5.  5.
 5.  5.  5.  5.  5.  5.  5.  5.  5.  5.  5.  5.  5.  5.  5.  5.  5.  5.
 5.  5.  5.  5.  5.  5.  5.  5.  5.  5.  5.  5.  5.  5.  5.  5.  5.  5.
 5.  5.  5.  5.  5.  5.  5.  5.  5.  5.  5.  5.  5.  5.  5.  5.  5.  5.
 5.  5.  5.  5.  5.  5.  5.  5.  5.  5.  5.  5.  5.  5.  5.  5.  5.  5.
 5.  5.  5.  5.  5.  5.  5.  5.  5.  5.  5.  5.  5.  5.  5.  5.  5.  5.
 5.  5.  5.  5.  5.  5.  5.  5.  5.  5.  5.  5.  5.  5.  5.  5.  5.  5.
 5.  5.  5.  5.  5.  5.  5.  5.  5.  5.  5.  5.  5.  5.  5.  5.  5.  5.
 5.  5.  5.  5.  5.  5.  5.  5.  5.  5.  5.  5.  5.  5.  5.  5.  5.  5.
 5.  5.  5.  5.  5.  5.  5.  5.  5.  5.  5.  5.  5.  5.  5.  5.  5.  5.
 5.  5.  5.  5.  5.  5.  5.  5.  5.  5.  5.  5.  5.  5.  5.  5.  5.  5.
 5.  5.  5.  5.  5.  5.  5.  5.  5.  5.  5.  5.  5.  5.  5.  5.  5.  5.
 5.  5.  5.  5.  5.  5.  5.  5.  5.  5.  5.  5.  5.  5.  5.  5.  5.  5.
 5.  5.  5.  5.  5.  5.  5.  5.  5.  5.  5.  5.  5.  5.  5.  5.  5.  5.
 5.  5.  5.  5.  5.  5.  5.  5.  5.  5.  5.  5.  5.  5.  5.  5.  5.  5.
 5.  5.  5.  5.  5.  5.  5.  5.  5.  5.  5.  5.  5.  5.  5.  5.  5.  5.
 5.  5.  5.  5.  5.  5.  5.  5.  5.  5.  5.  5.  5.  5.  5.  5.  5.  5.
 5.  5.  5.  5.  5.  5. ]",5.0,0.04295519019311007,0.4776702865989026
2024-03-31,"[1.  0.5 0.5 0.5 1.  1.  1.  1.  1.  1.  1.  1.  1.  1.  1.  0.5 1.  1.
 1.  0.5 1.  1.  0.5 1.  1.  1.  1.  0.5 0.5 0.5 0.5 0.5 0.5 1.  1.  0.5
 0.5 0.5 0.5 1.  1.  1.  1.  1.  1.  0.5 1.  1.  1.  0.5 0.5 1.  1.  0.5
 1.  0.5 0.5 0.5 0.5 1.  1.  1.  1.  1.  1.  0.5 0.5 1.  1.  1.  1.  1.
 1.  1.  1.  0.5 0.5 1.  1.  1.  1.  1.  1.  1.  0.5 0.5 1.  0.5 1.  1.
 1.  0.5 0.5 1.  1.  0.5 0.5 0.5 1.  1.  1.  1.  1.  0.5 0.5 1.  0.  1.
 0.5 1.  1.  0.5 0.5 1.  1.  1.  1.  1.  1.  0.5 1.  1.  1.  1.  1.  1.
 1.  1.  1.  1.  1.  0.5 1.  0.  1.  1.  0.5 1.  1.  1.  1.  1.  1.  0.5
 0.5 1.  1.  0.5 1.  0.5 1.  1.  1.  0.5 0.5 1.  1.  1.  0.5 1.  1.  0.5
 0.5 1.  1.  1.  0.5 1.  0.5 1.  0.5 1.  0.5 1.  1.  0.  1.  1.  1.  0.
 0.5 0.  0.5 1.  1.  1.  1.  0.  1.  1.  1.  1.  1.  1.  1.  1.  1.  1.
 0.5 0.  1.  1.  1.  0.5 1.  0.5 1.  1.  1.  1.  1.  0.5 1.  1.  1.  0.5
 0.5 1.  1.  1.  0.5 1.  1.  0.5 1.  1.  1.  0.5 0.5 0.5 0.5 1.  1.  1.
 1.  1.  1.  0.5 1.  0.  0.5 1.  0.  0.5 1.  1.  1.  1.  0.5 0.5 1.  1.
 0.5 1.  1.  1.  1.  1.  1.  1.  1.  0.5 1.  1.  1.  1.  1.  1.  0.5 1.
 1.  1.  1.  0.5 1.  1.  1.  1.  1.  0.5 1.  1.  0.5 0.  0.5 1.  1.  1.
 0.5 1.  0.5 1.  0.5 1.  1.  1.  1.  1.  1.  1.  1.  0.5 0.5 1.  1.  1.
 1.  0.5 0.5 1.  1.  0.5 0.5 1.  0.5 1.  1.  1.  1.  1.  1.  1.  0.5 1.
 1.  1.  1.  0.5 1.  0.5 0.5 1.  1.  1.  1.  0.5 0.5 0.5 1.  0.5 0.5 1.
 1.  1.  1.  1.  0.5 1.  0.5 0.5 1.  1.  0.5 1.  0.5 1.  1.  1.  0.5 0.5
 1.  1.  1.  0.5 1.  1.  1.  1.  0.5 1.  0.5 0.5 1.  1.  1.  1.  0.5 1.
 1.  1.  0.  0.5 1.  1.  1.  0.5 1.  1.  1.  1.  0.5 0.  1.  0.5 0.5 1.
 1.  1.  1.  1.  1.  0.5 1.  1.  1.  1.  0.5 1.  1.  1.  1.  1.  0.5 0.5
 0.5 1.  0.5 1.  0.5 1.  1.  0.5 0.5 0.5 0.  1.  0.5 1.  1.  0.5 1.  0.5
 1.  1.  1.  0.5 1.  1.  1.  1.  1.  1.  1.  1.  1.  1.  1.  1.  1.  1.
 1.  1.  1.  0.5 1.  1.  0.5 1.  0.5 1.  1.  0.5 1.  1.  1.  0.5 1.  1.
 1.  1.  1.  1.  0.5 0.5 1.  1.  0.5 1.  0.5 1.  0.5 1.  0.5 1.  0.5 0.5
 1.  0.5 1.  0.5 1.  0.5 1.  1.  1.  1.  1.  0.5 1.  0.5 1.  1.  1.  1.
 0.5 1.  1.  1.  1.  1.  1.  0.5 0.  1.  1.  1.  1.  1.  0.5 0.5 1.  1.
 0.5 0.5 1.  1.  0.5 0.5 1.  1.  1.  1.  1.  1.  0.5 1.  0.5 0.5 0.5 1.
 1.  1.  1.  1.  1.  0.5 1.  1.  1.  0.5 1.  0.5 1.  0.5 1.  0.5 0.5 0.5
 0.5 1.  1.  1.  0.5 1.  1.  0.5 1.  0.5 1.  0.5 1.  0.5 1.  1.  0.5 1.
 1.  1.  1.  1.  1.  1.  0.5 0.5 1.  1.  1.  1.  1.  1.  1.  1.  1.  1.
 1.  0.5 1.  1.  1.  1. ]",0.8266666666666667,"[1.00487668 1.00298535 1.00048103 1.00657681 1.0004042  1.00836466
 1.00165996 1.         1.         1.         1.01090001 1.00333259
 1.00254484 1.00728971 1.         1.         1.         1.
 1.00141505 1.00283647 1.         1.00167033 1.         1.0021652
 1.0080091  1.00447845 1.00197942 1.00808314 1.         1.00170832
 1.         1.00347888 1.00757029 1.         1.         1.
 1.00102347 1.00440141 1.00744492 1.0001317  1.         1.
 1.         1.0002597  1.00718937 1.         1.         1.00815815
 1.00617242]",1.0026039113544942,"[392.36657729 459.73664208 459.2403398  586.52957322 441.26739818
 291.22992297 416.10393057 459.06638651 517.50396179 601.48169603
 573.24017885 501.5242522  418.76106037 468.92750015 544.32659182
 481.49767098 465.77485501 493.74862023 695.909816   800.
 523.29640456 337.44028238 343.27814217 507.57432146 146.18385909
 451.72750252 355.85862102 569.15145011 575.43527619 381.12594533
 457.0728017  454.45987915 215.81521504 426.51079098 461.28731988
 473.732171   393.77403079 657.20924877 352.57327672 528.28278069
 484.44834969 473.9025029  508.91569672 490.27140199 273.39038177
 537.44430575 469.2296224  439.02887197 356.23661742]",463.5284498813341,146.18385908646636,"[0.8 5.  5.  5.  5.  5.  5.  5.  5.  5.  5.  5.  5.  5.  5.  5.  5.  5.
 5.  5.  5.  5.  5.  5.  5.  5.  5.  5.  5.  5.  5.  5.  5.  5.  5.  5.
 5.  5.  5.  5.  5.  5.  5.  5.  5.  5.  5.  5.  5.  5.  5.  5.  5.  5.
 5.  5.  5.  5.  5.  5.  5.  5.  5.  5.  5.  5.  5.  5.  5.  5.  5.  5.
 5.  5.  5.  5.  5.  5.  5.  5.  5.  5.  5.  5.  5.  5.  5.  5.  5.  5.
 5.  5.  5.  5.  5.  5.  5.  5.  5.  5.  5.  5.  5.  5.  5.  5.  5.  5.
 5.  5.  5.  5.  5.  5.  5.  5.  5.  5.  5.  5.  5.  5.  5.  5.  5.  5.
 5.  5.  5.  5.  5.  5.  5.  5.  5.  5.  5.  5.  5.  5.  5.  5.  5.  5.
 5.  5.  5.  5.  5.  5.  5.  5.  5.  5.  5.  5.  5.  5.  5.  5.  5.  5.
 5.  5.  5.  5.  5.  5.  5.  5.  5.  5.  5.  5.  5.  5.  5.  5.  5.  5.
 5.  5.  5.  5.  5.  5.  5.  5.  5.  5.  5.  5.  5.  5.  5.  5.  5.  5.
 5.  5.  5.  5.  5.  5.  5.  5.  5.  5.  5.  5.  5.  5.  5.  5.  5.  5.
 5.  5.  5.  5.  5.  5.  5.  5.  5.  5.  5.  5.  5.  5.  5.  5.  5.  5.
 5.  5.  5.  5.  5.  5.  5.  5.  5.  5.  5.  5.  5.  5.  5.  5.  5.  5.
 5.  5.  5.  5.  5.  5.  5.  5.  5.  5.  5.  5.  5.  5.  5.  5.  5.  5.
 5.  5.  5.  5.  5.  5.  5.  5.  5.  5.  5.  5.  5.  5.  5.  5.  5.  5.
 5.  5.  5.  5.  5.  5.  5.  5.  5.  5.  5.  5.  5.  5.  5.  5.  5.  5.
 5.  5.  5.  5.  5.  5.  5.  5.  5.  5.  5.  5.  5.  5.  5.  5.  5.  5.
 5.  5.  5.  5.  5.  5.  5.  5.  5.  5.  5.  5.  5.  5.  5.  5.  5.  5.
 5.  5.  5.  5.  5.  5.  5.  5.  5.  5.  5.  5.  5.  5.  5.  5.  5.  5.
 5.  5.  5.  5.  5.  5.  5.  5.  5.  5.  5.  5.  5.  5.  5.  5.  5.  5.
 5.  5.  5.  5.  5.  5.  5.  5.  5.  5.  5.  5.  5.  5.  5.  5.  5.  5.
 5.  5.  5.  5.  5.  5.  5.  5.  5.  5.  5.  5.  5.  5.  5.  5.  5.  5.
 5.  5.  5.  5.  5.  5.  5.  5.  5.  5.  5.  5.  5.  5.  5.  5.  5.  5.
 5.  5.  5.  5.  5.  5.  5.  5.  5.  5.  5.  5.  5.  5.  5.  5.  5.  5.
 5.  5.  5.  5.  5.  5.  5.  5.  5.  5.  5.  5.  5.  5.  5.  5.  5.  5.
 5.  5.  5.  5.  5.  5.  5.  5.  5.  5.  5.  5.  5.  5.  5.  5.  5.  5.
 5.  5.  5.  5.  5.  5.  5.  5.  5.  5.  5.  5.  5.  5.  5.  5.  5.  5.
 5.  5.  5.  5.  5.  5.  5.  5.  5.  5.  5.  5.  5.  5.  5.  5.  5.  5.
 5.  5.  5.  5.  5.  5.  5.  5.  5.  5.  5.  5.  5.  5.  5.  5.  5.  5.
 5.  5.  5.  5.  5.  5.  5.  5.  5.  5.  5.  5.  5.  5.  5.  5.  5.  5.
 5.  5.  5.  5.  5.  5.  5.  5.  5.  5.  5.  5.  5.  5.  5.  5.  5.  5.
 5.  5.  5.  5.  5.  5.  5.  5.  5.  5.  5.  5.  5.  5.  5.  5.  5.  5.
 5.  5.  5.  5.  5.  5. ]",5.0,0.040406141601850944,0.501314411916342
2024-04-30,"[1.  1.  0.5 0.5 0.5 1.  0.5 0.5 0.5 1.  1.  1.  1.  1.  0.5 0.5 1.  1.
 0.5 1.  1.  1.  1.  1.  1.  1.  1.  1.  1.  1.  1.  0.  1.  1.  1.  1.
 0.5 1.  1.  0.5 1.  0.5 0.5 0.5 1.  1.  1.  1.  1.  0.5 1.  1.  1.  1.
 1.  1.  1.  1.  1.  0.  0.5 0.5 0.5 0.5 1.  1.  0.5 0.5 1.  1.  0.5 1.
 1.  0.5 1.  1.  1.  1.  1.  1.  1.  1.  0.5 0.5 0.5 0.5 1.  1.  1.  1.
 0.5 0.5 1.  0.5 0.5 1.  1.  1.  1.  1.  0.5 1.  1.  1.  1.  0.5 1.  1.
 1.  0.5 0.  0.5 0.5 1.  1.  1.  1.  1.  1.  1.  1.  1.  0.5 1.  1.  1.
 1.  0.5 1.  1.  1.  0.5 0.5 0.5 1.  0.5 0.5 1.  1.  1.  1.  1.  1.  0.
 1.  1.  1.  1.  0.  1.  1.  0.5 0.5 1.  0.5 0.5 1.  0.5 0.  1.  1.  1.
 0.5 1.  1.  1.  1.  0.5 1.  0.5 1.  0.5 1.  1.  1.  0.5 0.5 1.  1.  1.
 1.  1.  1.  0.5 1.  0.5 1.  1.  1.  0.5 0.  1.  1.  0.5 1.  1.  0.5 1.
 1.  1.  1.  1.  1.  0.5 1.  1.  0.5 1.  0.5 1.  1.  1.  1.  1.  1.  1.
 1.  1.  1.  1.  0.5 1.  1.  1.  1.  1.  1.  1.  1.  0.5 0.5 0.5 0.5 1.
 1.  1.  1.  1.  0.5 0.5 0.5 1.  1.  1.  1.  1.  0.5 1.  1.  1.  1.  1.
 1.  1.  1.  1.  1.  0.  0.5 1.  1.  1.  0.5 1.  0.  0.5 0.5 0.5 0.5 1.
 1.  0.5 0.5 0.  1.  1.  1.  1.  0.5 0.5 0.5 1.  1.  0.5 1.  0.5 0.5 1.
 1.  1.  1.  0.5 1.  1.  1.  1.  1.  1.  1.  0.  0.  0.  0.5 1.  1.  0.5
 0.5 0.5 1.  1.  1.  1.  1.  1.  0.5 1.  1.  0.  0.5 1.  1.  1.  1.  0.5
 0.5 1.  1.  1.  0.5 1.  1.  1.  1.  1.  1.  1.  0.5 1.  1.  0.5 1.  1.
 1.  0.5 1.  0.5 1.  0.5 1.  1.  0.5 1.  1.  1.  1.  1.  1.  0.5 1.  0.5
 1.  1.  1.  1.  1.  1.  1.  1.  1.  1.  1.  1.  1.  0.5 1.  1.  0.5 1.
 1.  0.5 1.  1.  1.  1.  0.5 1.  1.  0.  0.  1.  0.5 0.5 0.5 1.  1.  0.5
 1.  1.  0.5 1.  1.  1.  1.  1.  1.  1.  0.5 0.5 1.  1.  1.  1.  1.  0.
 1.  0.5 1.  1.  1.  1.  1.  0.5 1.  1.  1.  0.  0.5 0.5 1.  1.  1.  1.
 0.5 0.5 1.  1.  1.  1.  1.  0.5 0.5 1.  0.5 1.  1.  1.  0.5 1.  1.  0.5
 0.5 0.5 1.  1.  0.5 1.  1.  1.  0.5 1.  1.  1.  0.5 1.  0.5 1.  0.5 1.
 1.  1.  1.  0.5 0.  0.  0.5 0.5 1.  0.5 1.  0.  0.5 0.5 1.  1.  1.  0.5
 0.5 1.  0.5 1.  1.  0.5 0.5 1.  0.5 1.  1.  1.  0.5 0.  0.5 0.5 0.5 1.
 1.  1.  0.5 0.5 1.  1.  0.5 0.5 1.  1.  0.5 0.5 0.5 1.  1.  1.  1.  1.
 0.5 1.  0.5 0.5 1.  1.  1.  1.  1.  0.5 1.  0.5 1.  1.  1.  0.5 0.  1.
 1.  0.5 0.5 1.  1.  1.  1.  1.  0.5 1.  1.  1.  1.  0.5 1.  0.5 1.  1.
 1.  0.5 1.  0.5 1.  1.  1.  0.5 1.  1.  1.  0.5 0.  0.5 1.  1.  1.  1.
 1.  0.5 1.  1.  1.  0.5 0.5 0.5 0.5 1.  0.5 0.5 1.  0.5 1.  1.  1.  1.
 1.  1.  1.  1.  1.  0.5]",0.81,"[1.         1.         1.         1.         1.         1.
 1.         1.         1.00639901 1.00047749 1.0008603  1.00274843
 1.00204914 1.00320912 1.00045219 1.         1.         1.00007659
 1.         1.         1.00195885 1.00005793 1.         1.
 1.00341273 1.00366935 1.00189147 1.         1.         1.
 1.         1.         1.         1.         1.         1.00018309
 1.         1.00715898 1.         1.         1.0057839  1.00208043
 1.         1.01095961 1.00453864 1.         1.         1.00193721
 1.0026571 ]",1.0012767662580373,"[485.185623   396.34000101 421.47632465 511.59878636 559.1172051
 437.79202456 570.57322818 508.76277976 497.762696   482.35029144
 345.33410783 529.8393073  528.08452114 524.26962467 402.27166807
 522.63552871 404.03906212 467.37783586 621.76577113 606.15678594
 377.83234908 470.4376429  447.6609583  527.50102016 408.3239135
 418.077848   439.87362082 601.57563325 496.00189803 481.00020521
 504.07647759 400.34781133 527.62986179 430.5540472  421.98457068
 734.00383337 356.62447    426.44241804 557.87274293 565.65638051
 400.75241515 320.81307797 445.21021328 366.70199582 325.15582756
 395.30202379 269.62215011 452.9132681  409.20796563]",465.3446900596968,269.6221501110615,"[0.8 5.  5.  5.  5.  5.  5.  5.  5.  5.  5.  5.  5.  5.  5.  5.  5.  5.
 5.  5.  5.  5.  5.  5.  5.  5.  5.  5.  5.  5.  5.  5.  5.  5.  5.  5.
 5.  5.  5.  5.  5.  5.  5.  5.  5.  5.  5.  5.  5.  5.  5.  5.  5.  5.
 5.  5.  5.  5.  5.  5.  5.  5.  5.  5.  5.  5.  5.  5.  5.  5.  5.  5.
 5.  5.  5.  5.  5.  5.  5.  5.  5.  5.  5.  5.  5.  5.  5.  5.  5.  5.
 5.  5.  5.  5.  5.  5.  5.  5.  5.  5.  5.  5.  5.  5.  5.  5.  5.  5.
 5.  5.  5.  5.  5.  5.  5.  5.  5.  5.  5.  5.  5.  5.  5.  5.  5.  5.
 5.  5.  5.  5.  5.  5.  5.  5.  5.  5.  5.  5.  5.  5.  5.  5.  5.  5.
 5.  5.  5.  5.  5.  5.  5.  5.  5.  5.  5.  5.  5.  5.  5.  5.  5.  5.
 5.  5.  5.  5.  5.  5.  5.  5.  5.  5.  5.  5.  5.  5.  5.  5.  5.  5.
 5.  5.  5.  5.  5.  5.  5.  5.  5.  5.  5.  5.  5.  5.  5.  5.  5.  5.
 5.  5.  5.  5.  5.  5.  5.  5.  5.  5.  5.  5.  5.  5.  5.  5.  5.  5.
 5.  5.  5.  5.  5.  5.  5.  5.  5.  5.  5.  5.  5.  5.  5.  5.  5.  5.
 5.  5.  5.  5.  5.  5.  5.  5.  5.  5.  5.  5.  5.  5.  5.  5.  5.  5.
 5.  5.  5.  5.  5.  5.  5.  5.  5.  5.  5.  5.  5.  5.  5.  5.  5.  5.
 5.  5.  5.  5.  5.  5.  5.  5.  5.  5.  5.  5.  5.  5.  5.  5.  5.  5.
 5.  5.  5.  5.  5.  5.  5.  5.  5.  5.  5.  5.  5.  5.  5.  5.  5.  5.
 5.  5.  5.  5.  5.  5.  5.  5.  5.  5.  5.  5.  5.  5.  5.  5.  5.  5.
 5.  5.  5.  5.  5.  5.  5.  5.  5.  5.  5.  5.  5.  5.  5.  5.  5.  5.
 5.  5.  5.  5.  5.  5.  5.  5.  5.  5.  5.  5.  5.  5.  5.  5.  5.  5.
 5.  5.  5.  5.  5.  5.  5.  5.  5.  5.  5.  5.  5.  5.  5.  5.  5.  5.
 5.  5.  5.  5.  5.  5.  5.  5.  5.  5.  5.  5.  5.  5.  5.  5.  5.  5.
 5.  5.  5.  5.  5.  5.  5.  5.  5.  5.  5.  5.  5.  5.  5.  5.  5.  5.
 5.  5.  5.  5.  5.  5.  5.  5.  5.  5.  5.  5.  5.  5.  5.  5.  5.  5.
 5.  5.  5.  5.  5.  5.  5.  5.  5.  5.  5.  5.  5.  5.  5.  5.  5.  5.
 5.  5.  5.  5.  5.  5.  5.  5.  5.  5.  5.  5.  5.  5.  5.  5.  5.  5.
 5.  5.  5.  5.  5.  5.  5.  5.  5.  5.  5.  5.  5.  5.  5.  5.  5.  5.
 5.  5.  5.  5.  5.  5.  5.  5.  5.  5.  5.  5.  5.  5.  5.  5.  5.  5.
 5.  5.  5.  5.  5.  5.  5.  5.  5.  5.  5.  5.  5.  5.  5.  5.  5.  5.
 5.  5.  5.  5.  5.  5.  5.  5.  5.  5.  5.  5.  5.  5.  5.  5.  5.  5.
 5.  5.  5.  5.  5.  5.  5.  5.  5.  5.  5.  5.  5.  5.  5.  5.  5.  5.
 5.  5.  5.  5.  5.  5.  5.  5.  5.  5.  5.  5.  5.  5.  5.  5.  5.  5.
 5.  5.  5.  5.  5.  5.  5.  5.  5.  5.  5.  5.  5.  5.  5.  5.  5.  5.
 5.  5.  5.  5.  5.  5. ]",5.0,0.052101303201670654,0.7612360333358742
2024-05-31,"[1.  0.5 0.5 0.5 0.5 0.5 0.5 1.  0.5 1.  0.5 0.5 1.  0.5 0.5 1.  1.  1.
 1.  1.  1.  1.  1.  0.5 0.5 1.  1.  1.  1.  1.  1.  1.  1.  1.  1.  1.
 1.  1.  0.5 1.  0.5 1.  1.  0.5 0.5 1.  1.  1.  1.  1.  1.  1.  1.  1.
 1.  1.  1.  1.  1.  1.  0.5 1.  1.  0.5 1.  1.  1.  0.5 1.  0.5 0.5 1.
 0.5 0.5 0.5 1.  1.  0.5 0.5 1.  0.5 1.  0.5 1.  1.  1.  0.5 0.5 0.5 0.5
 0.5 0.5 0.5 0.5 1.  1.  1.  0.  0.  1.  1.  1.  1.  0.  0.5 0.  0.5 0.5
 1.  0.5 0.5 1.  0.5 1.  1.  1.  0.5 0.5 0.5 1.  0.5 0.5 1.  0.5 1.  1.
 1.  1.  1.  0.  0.  0.  1.  1.  1.  1.  0.5 1.  1.  1.  0.5 1.  1.  1.
 0.5 0.5 0.5 0.5 0.5 1.  1.  1.  1.  1.  0.5 0.5 0.5 1.  1.  1.  0.5 0.5
 1.  1.  1.  1.  1.  1.  0.5 1.  1.  0.  1.  0.5 1.  0.5 1.  0.5 0.5 0.5
 1.  0.5 1.  0.5 0.5 1.  1.  0.  0.5 0.5 1.  1.  1.  0.5 0.5 0.5 0.5 1.
 1.  0.5 1.  0.5 0.5 1.  1.  1.  1.  0.5 1.  1.  1.  0.5 0.5 0.5 0.5 0.5
 0.  0.5 0.5 0.5 1.  1.  1.  0.  0.5 1.  1.  1.  1.  1.  1.  0.5 0.  1.
 1.  1.  1.  1.  0.5 1.  0.5 1.  1.  1.  0.5 1.  0.5 1.  1.  1.  1.  1.
 1.  1.  0.5 1.  1.  1.  0.5 0.5 0.5 0.5 0.5 1.  1.  1.  1.  0.5 1.  0.5
 1.  1.  1.  1.  1.  1.  0.5 1.  0.5 0.5 0.5 1.  1.  1.  1.  0.5 0.5 1.
 1.  0.5 1.  1.  0.5 1.  1.  1.  1.  1.  1.  0.5 0.5 0.5 0.5 0.5 0.5 0.
 0.5 1.  0.5 1.  1.  0.5 1.  1.  1.  1.  1.  0.5 0.5 1.  1.  1.  0.5 0.5
 0.5 1.  1.  1.  1.  1.  0.5 1.  0.5 1.  1.  1.  1.  1.  1.  1.  1.  0.5
 0.5 1.  0.5 1.  0.5 1.  1.  0.5 1.  1.  0.5 1.  1.  0.5 1.  0.5 1.  0.5
 1.  1.  1.  0.  0.5 0.  0.5 0.5 0.5 0.5 1.  1.  1.  1.  1.  0.5 1.  1.
 0.  1.  0.5 1.  0.5 1.  0.5 1.  0.5 1.  0.5 1.  1.  0.5 0.5 0.  0.  1.
 1.  1.  0.5 1.  1.  1.  1.  0.5 1.  1.  1.  1.  1.  1.  0.5 0.5 1.  1.
 1.  1.  1.  1.  1.  0.  0.5 1.  1.  0.5 0.5 0.5 1.  1.  1.  0.5 1.  1.
 0.5 0.  0.5 1.  0.5 1.  1.  1.  0.5 0.5 1.  1.  0.5 1.  0.5 1.  0.5 1.
 1.  1.  1.  0.5 0.5 0.5 1.  1.  1.  1.  1.  1.  1.  1.  1.  0.5 0.5 1.
 0.5 1.  1.  1.  0.5 0.  1.  1.  0.5 1.  1.  0.5 1.  0.5 1.  0.5 0.  0.5
 1.  1.  1.  1.  0.  1.  1.  1.  0.5 1.  0.5 0.5 1.  1.  1.  0.5 0.  0.5
 0.5 1.  1.  1.  1.  1.  0.5 0.5 1.  1.  1.  1.  0.5 1.  0.5 0.  0.  0.
 0.5 0.  0.5 0.5 1.  1.  1.  1.  0.5 0.5 0.5 0.5 0.  0.5 1.  0.5 1.  0.5
 0.5 1.  1.  0.5 0.  0.5 0.5 0.5 0.  0.5 1.  1.  1.  1.  1.  0.5 0.5 1.
 1.  0.5 0.5 1.  1.  0.5 1.  0.5 0.5 0.  1.  1.  1.  0.5 1.  1.  0.5 1.
 1.  1.  1.  0.5 1.  1.  0.5 0.5 0.5 1.  0.5 0.5 0.5 0.5 0.5 1.  1.  1.
 0.5 0.5 0.  0.5 0.5 0.5]",0.7566666666666667,"[1.00045107 1.         1.01649291 1.00125865 1.         1.00328642
 1.         1.00723004 1.         1.         1.00901994 1.00111355
 1.00374842 1.         1.000724   1.         1.         1.
 1.0050492  1.         1.00176538 1.         1.00096666 1.
 1.00617069 1.00104709 1.         1.00241508 1.         1.00194959
 1.00109119 1.         1.         1.         1.0007581  1.
 1.00341059 1.00350004 1.00087737 1.         1.00959802 1.
 1.00246104 1.00001754 1.         1.         1.00113344 1.01147225
 1.        ]",1.0019797604328353,"[527.58169203 361.63899214 283.06986784 453.44396735 547.56697915
 343.51634662 761.77002243 330.58987921 701.70542615 282.20926092
 369.21028606 509.04098742 548.85787929 460.98759397 302.45090415
 417.91890185 453.064806   742.06089237 133.07045313 681.84291856
 500.76403373 374.28330457 357.13588902 414.08253312 488.63213089
 379.5787819  354.81878592 434.52388737 544.6038538  549.79927742
 486.66208811 539.14756212 557.07425312 384.92679251 725.89385342
 444.23203168 349.6157048  338.11417468 446.48048758 626.97281338
 644.6287702  422.60521334 570.53431847 565.00378462 454.69481506
 576.70948881 571.91414434 499.34946337 559.22387689]",477.01233001815615,133.07045312995933,"[0.8 5.  5.  5.  5.  5.  5.  5.  5.  5.  5.  5.  5.  5.  5.  5.  5.  5.
 5.  5.  5.  5.  5.  5.  5.  5.  5.  5.  5.  5.  5.  5.  5.  5.  5.  5.
 5.  5.  5.  5.  5.  5.  5.  5.  5.  5.  5.  5.  5.  5.  5.  5.  5.  5.
 5.  5.  5.  5.  5.  5.  5.  5.  5.  5.  5.  5.  5.  5.  5.  5.  5.  5.
 5.  5.  5.  5.  5.  5.  5.  5.  5.  5.  5.  5.  5.  5.  5.  5.  5.  5.
 5.  5.  5.  5.  5.  5.  5.  5.  5.  5.  5.  5.  5.  5.  5.  5.  5.  5.
 5.  5.  5.  5.  5.  5.  5.  5.  5.  5.  5.  5.  5.  5.  5.  5.  5.  5.
 5.  5.  5.  5.  5.  5.  5.  5.  5.  5.  5.  5.  5.  5.  5.  5.  5.  5.
 5.  5.  5.  5.  5.  5.  5.  5.  5.  5.  5.  5.  5.  5.  5.  5.  5.  5.
 5.  5.  5.  5.  5.  5.  5.  5.  5.  5.  5.  5.  5.  5.  5.  5.  5.  5.
 5.  5.  5.  5.  5.  5.  5.  5.  5.  5.  5.  5.  5.  5.  5.  5.  5.  5.
 5.  5.  5.  5.  5.  5.  5.  5.  5.  5.  5.  5.  5.  5.  5.  5.  5.  5.
 5.  5.  5.  5.  5.  5.  5.  5.  5.  5.  5.  5.  5.  5.  5.  5.  5.  5.
 5.  5.  5.  5.  5.  5.  5.  5.  5.  5.  5.  5.  5.  5.  5.  5.  5.  5.
 5.  5.  5.  5.  5.  5.  5.  5.  5.  5.  5.  5.  5.  5.  5.  5.  5.  5.
 5.  5.  5.  5.  5.  5.  5.  5.  5.  5.  5.  5.  5.  5.  5.  5.  5.  5.
 5.  5.  5.  5.  5.  5.  5.  5.  5.  5.  5.  5.  5.  5.  5.  5.  5.  5.
 5.  5.  5.  5.  5.  5.  5.  5.  5.  5.  5.  5.  5.  5.  5.  5.  5.  5.
 5.  5.  5.  5.  5.  5.  5.  5.  5.  5.  5.  5.  5.  5.  5.  5.  5.  5.
 5.  5.  5.  5.  5.  5.  5.  5.  5.  5.  5.  5.  5.  5.  5.  5.  5.  5.
 5.  5.  5.  5.  5.  5.  5.  5.  5.  5.  5.  5.  5.  5.  5.  5.  5.  5.
 5.  5.  5.  5.  5.  5.  5.  5.  5.  5.  5.  5.  5.  5.  5.  5.  5.  5.
 5.  5.  5.  5.  5.  5.  5.  5.  5.  5.  5.  5.  5.  5.  5.  5.  5.  5.
 5.  5.  5.  5.  5.  5.  5.  5.  5.  5.  5.  5.  5.  5.  5.  5.  5.  5.
 5.  5.  5.  5.  5.  5.  5.  5.  5.  5.  5.  5.  5.  5.  5.  5.  5.  5.
 5.  5.  5.  5.  5.  5.  5.  5.  5.  5.  5.  5.  5.  5.  5.  5.  5.  5.
 5.  5.  5.  5.  5.  5.  5.  5.  5.  5.  5.  5.  5.  5.  5.  5.  5.  5.
 5.  5.  5.  5.  5.  5.  5.  5.  5.  5.  5.  5.  5.  5.  5.  5.  5.  5.
 5.  5.  5.  5.  5.  5.  5.  5.  5.  5.  5.  5.  5.  5.  5.  5.  5.  5.
 5.  5.  5.  5.  5.  5.  5.  5.  5.  5.  5.  5.  5.  5.  5.  5.  5.  5.
 5.  5.  5.  5.  5.  5.  5.  5.  5.  5.  5.  5.  5.  5.  5.  5.  5.  5.
 5.  5.  5.  5.  5.  5.  5.  5.  5.  5.  5.  5.  5.  5.  5.  5.  5.  5.
 5.  5.  5.  5.  5.  5.  5.  5.  5.  5.  5.  5.  5.  5.  5.  5.  5.  5.
 5.  5.  5.  5.  5.  5. ]",5.0,0.0689955651314252,0.7551221889988459
2024-06-30,"[1.  1.  0.5 0.5 1.  1.  1.  1.  1.  0.5 0.5 1.  0.5 1.  1.  0.5 0.5 1.
 0.5 0.5 1.  1.  1.  0.5 1.  1.  1.  1.  1.  1.  1.  1.  0.5 1.  1.  0.5
 1.  1.  1.  0.  1.  1.  0.5 1.  1.  1.  1.  0.5 1.  1.  1.  0.5 1.  0.5
 0.5 0.5 0.5 1.  1.  0.5 1.  1.  1.  1.  0.5 1.  1.  1.  1.  1.  1.  0.5
 0.5 1.  1.  1.  1.  1.  1.  0.5 0.5 0.  1.  1.  0.5 1.  1.  1.  0.5 0.5
 0.5 1.  1.  1.  1.  1.  1.  0.  1.  1.  1.  1.  1.  1.  1.  1.  1.  0.5
 1.  1.  1.  1.  1.  1.  1.  1.  1.  0.5 0.5 0.  0.5 1.  0.5 1.  1.  0.5
 1.  1.  1.  0.5 0.5 0.5 0.5 1.  1.  0.5 1.  1.  1.  0.5 1.  1.  1.  0.5
 1.  0.5 1.  1.  0.5 1.  1.  0.5 1.  1.  0.5 1.  0.  0.5 1.  1.  0.5 1.
 1.  0.5 0.5 0.5 0.5 0.  0.5 0.5 0.5 0.5 0.5 1.  1.  1.  0.5 1.  1.  1.
 0.5 1.  1.  0.5 1.  1.  1.  0.5 0.5 1.  1.  1.  1.  1.  1.  1.  0.5 1.
 1.  1.  1.  1.  1.  1.  0.5 0.5 0.5 1.  1.  1.  1.  1.  1.  1.  0.  0.5
 0.5 0.  1.  0.5 1.  0.5 1.  0.5 1.  0.5 0.5 1.  1.  1.  1.  0.5 1.  1.
 0.5 0.5 0.5 1.  1.  1.  1.  1.  1.  1.  0.5 1.  0.5 1.  1.  1.  1.  1.
 1.  1.  1.  1.  1.  1.  1.  1.  1.  1.  1.  1.  1.  1.  0.  1.  1.  0.
 0.5 0.5 0.5 1.  1.  1.  1.  1.  0.5 0.  1.  1.  1.  1.  0.5 0.5 1.  1.
 0.5 1.  0.5 1.  0.5 1.  0.5 1.  1.  1.  1.  1.  1.  0.  1.  1.  1.  1.
 1.  1.  0.5 0.5 1.  0.5 1.  1.  0.5 1.  1.  0.5 1.  1.  0.5 1.  1.  1.
 1.  1.  1.  0.5 1.  0.5 1.  1.  1.  1.  1.  0.5 1.  1.  1.  1.  0.5 1.
 1.  1.  1.  1.  0.  0.  1.  0.5 1.  0.5 0.5 0.5 0.  0.5 1.  0.5 0.5 0.5
 1.  0.5 0.5 1.  1.  1.  0.  1.  1.  0.5 0.5 1.  0.5 1.  1.  1.  1.  1.
 1.  0.5 1.  0.5 1.  1.  0.5 1.  0.5 0.5 1.  1.  1.  0.5 0.5 1.  1.  1.
 1.  1.  0.5 1.  1.  1.  1.  1.  0.5 0.5 0.5 0.  0.5 0.5 0.5 0.5 0.5 1.
 1.  1.  0.5 1.  1.  0.5 1.  0.5 0.5 0.  0.5 1.  0.5 1.  0.5 1.  1.  0.5
 0.5 1.  1.  1.  1.  1.  1.  1.  1.  0.5 1.  1.  0.5 0.5 1.  1.  1.  1.
 0.5 0.5 1.  1.  0.5 0.5 1.  1.  1.  1.  1.  0.5 1.  0.5 1.  0.5 1.  1.
 1.  0.5 0.5 1.  1.  0.5 1.  1.  0.5 1.  1.  1.  1.  0.5 1.  1.  0.5 0.5
 1.  0.5 0.5 0.5 1.  1.  1.  0.5 0.5 1.  1.  0.5 1.  1.  1.  1.  0.5 1.
 1.  1.  1.  1.  1.  1.  0.  0.5 1.  1.  1.  0.5 0.5 0.5 1.  0.  1.  0.5
 1.  1.  1.  1.  0.5 1.  1.  0.5 1.  0.5 1.  1.  0.5 1.  0.5 1.  1.  1.
 1.  1.  1.  1.  1.  1.  1.  1.  1.  1.  1.  1.  0.5 0.5 1.  1.  1.  1.
 1.  1.  1.  0.5 0.5 1.  1.  0.5 1.  1.  1.  1.  1.  1.  0.5 1.  0.5 1.
 1.  1.  1.  1.  1.  1.  1.  1.  1.  0.5 0.5 1.  1.  1.  1.  1.  0.5 1.
 0.5 1.  0.5 0.5 1.  0. ]",0.8116666666666666,"[1.         1.         1.         1.00353937 1.00101953 1.00415912
 1.0009061  1.00258938 1.         1.         1.         1.
 1.         1.         1.00123238 1.00235746 1.00065765 1.
 1.         1.         1.00111987 1.00696121 1.00557128 1.0003056
 1.00288323 1.00295565 1.         1.00010408 1.         1.00429965
 1.00282103 1.         1.00080366 1.00136153 1.         1.
 1.00156579 1.         1.         1.         1.00406093 1.
 1.         1.         1.00697957 1.         1.00077987 1.
 1.00104698]",1.0012261411987606,"[434.44702301 378.14398311 558.62432537 403.61294812 501.59912491
 433.09429748 444.81257244 510.82033625 564.83928714 565.7948801
 467.22581242 388.1038264  436.27891642 467.78402936 556.43611882
 331.97677818 356.72130888 577.44308799 601.98227471 800.
 542.95267354 473.33031029 496.34293439 451.00745114 522.09264081
 447.94303152 444.73124546 603.67444904 431.89636456 484.42511093
 550.57916411 427.48470382 399.48904174 563.31437427 720.36386011
 534.20496393 394.61961886 472.58139387 388.57817895 616.25201979
 437.09593877 410.62014574 467.76458556 400.04821341 326.12484721
 464.91510934 642.96774877 467.03431647 449.91092672]",485.96094478089196,326.12484721496327,"[0.8 5.  5.  5.  5.  5.  5.  5.  5.  5.  5.  5.  5.  5.  5.  5.  5.  5.
 5.  5.  5.  5.  5.  5.  5.  5.  5.  5.  5.  5.  5.  5.  5.  5.  5.  5.
 5.  5.  5.  5.  5.  5.  5.  5.  5.  5.  5.  5.  5.  5.  5.  5.  5.  5.
 5.  5.  5.  5.  5.  5.  5.  5.  5.  5.  5.  5.  5.  5.  5.  5.  5.  5.
 5.  5.  5.  5.  5.  5.  5.  5.  5.  5.  5.  5.  5.  5.  5.  5.  5.  5.
 5.  5.  5.  5.  5.  5.  5.  5.  5.  5.  5.  5.  5.  5.  5.  5.  5.  5.
 5.  5.  5.  5.  5.  5.  5.  5.  5.  5.  5.  5.  5.  5.  5.  5.  5.  5.
 5.  5.  5.  5.  5.  5.  5.  5.  5.  5.  5.  5.  5.  5.  5.  5.  5.  5.
 5.  5.  5.  5.  5.  5.  5.  5.  5.  5.  5.  5.  5.  5.  5.  5.  5.  5.
 5.  5.  5.  5.  5.  5.  5.  5.  5.  5.  5.  5.  5.  5.  5.  5.  5.  5.
 5.  5.  5.  5.  5.  5.  5.  5.  5.  5.  5.  5.  5.  5.  5.  5.  5.  5.
 5.  5.  5.  5.  5.  5.  5.  5.  5.  5.  5.  5.  5.  5.  5.  5.  5.  5.
 5.  5.  5.  5.  5.  5.  5.  5.  5.  5.  5.  5.  5.  5.  5.  5.  5.  5.
 5.  5.  5.  5.  5.  5.  5.  5.  5.  5.  5.  5.  5.  5.  5.  5.  5.  5.
 5.  5.  5.  5.  5.  5.  5.  5.  5.  5.  5.  5.  5.  5.  5.  5.  5.  5.
 5.  5.  5.  5.  5.  5.  5.  5.  5.  5.  5.  5.  5.  5.  5.  5.  5.  5.
 5.  5.  5.  5.  5.  5.  5.  5.  5.  5.  5.  5.  5.  5.  5.  5.  5.  5.
 5.  5.  5.  5.  5.  5.  5.  5.  5.  5.  5.  5.  5.  5.  5.  5.  5.  5.
 5.  5.  5.  5.  5.  5.  5.  5.  5.  5.  5.  5.  5.  5.  5.  5.  5.  5.
 5.  5.  5.  5.  5.  5.  5.  5.  5.  5.  5.  5.  5.  5.  5.  5.  5.  5.
 5.  5.  5.  5.  5.  5.  5.  5.  5.  5.  5.  5.  5.  5.  5.  5.  5.  5.
 5.  5.  5.  5.  5.  5.  5.  5.  5.  5.  5.  5.  5.  5.  5.  5.  5.  5.
 5.  5.  5.  5.  5.  5.  5.  5.  5.  5.  5.  5.  5.  5.  5.  5.  5.  5.
 5.  5.  5.  5.  5.  5.  5.  5.  5.  5.  5.  5.  5.  5.  5.  5.  5.  5.
 5.  5.  5.  5.  5.  5.  5.  5.  5.  5.  5.  5.  5.  5.  5.  5.  5.  5.
 5.  5.  5.  5.  5.  5.  5.  5.  5.  5.  5.  5.  5.  5.  5.  5.  5.  5.
 5.  5.  5.  5.  5.  5.  5.  5.  5.  5.  5.  5.  5.  5.  5.  5.  5.  5.
 5.  5.  5.  5.  5.  5.  5.  5.  5.  5.  5.  5.  5.  5.  5.  5.  5.  5.
 5.  5.  5.  5.  5.  5.  5.  5.  5.  5.  5.  5.  5.  5.  5.  5.  5.  5.
 5.  5.  5.  5.  5.  5.  5.  5.  5.  5.  5.  5.  5.  5.  5.  5.  5.  5.
 5.  5.  5.  5.  5.  5.  5.  5.  5.  5.  5.  5.  5.  5.  5.  5.  5.  5.
 5.  5.  5.  5.  5.  5.  5.  5.  5.  5.  5.  5.  5.  5.  5.  5.  5.  5.
 5.  5.  5.  5.  5.  5.  5.  5.  5.  5.  5.  5.  5.  5.  5.  5.  5.  5.
 5.  5.  5.  5.  5.  5. ]",5.0,0.04732917880871059,0.38340551830827163
2024-07-31,"[1.  1.  1.  1.  0.5 0.5 1.  1.  0.5 1.  0.5 1.  1.  1.  1.  0.  1.  1.
 0.5 1.  1.  0.5 0.5 0.5 1.  1.  1.  1.  1.  1.  0.5 1.  1.  1.  1.  1.
 0.5 0.  0.5 1.  1.  1.  1.  0.5 0.5 0.5 0.5 0.5 1.  1.  0.5 1.  1.  0.5
 1.  0.5 0.5 0.5 1.  1.  1.  0.5 1.  0.5 1.  0.5 1.  1.  0.5 0.5 1.  1.
 0.5 1.  1.  0.5 0.5 1.  1.  1.  0.5 1.  1.  1.  1.  1.  1.  1.  1.  0.5
 1.  0.5 0.5 0.5 0.5 0.5 0.5 1.  1.  1.  1.  1.  0.5 0.5 1.  1.  1.  1.
 1.  1.  0.  0.5 1.  1.  0.  1.  1.  1.  1.  0.5 0.5 1.  0.5 1.  0.5 1.
 0.5 1.  0.5 0.5 1.  0.5 0.5 0.  1.  1.  1.  1.  0.5 1.  1.  1.  1.  1.
 1.  0.5 0.5 1.  1.  1.  1.  0.5 0.5 1.  1.  0.5 1.  1.  1.  0.5 1.  1.
 0.5 1.  1.  1.  1.  1.  0.5 1.  1.  0.5 1.  0.5 1.  1.  0.5 1.  1.  1.
 0.5 0.5 0.5 1.  1.  0.5 1.  0.5 0.5 0.5 0.  0.5 0.5 1.  1.  1.  1.  1.
 1.  1.  0.5 1.  1.  1.  1.  0.5 1.  0.  0.5 1.  1.  0.  1.  1.  0.5 1.
 1.  1.  1.  0.5 0.  1.  0.5 1.  1.  1.  1.  0.5 1.  1.  0.5 0.5 1.  1.
 1.  1.  1.  0.5 0.5 1.  1.  0.5 1.  0.5 1.  0.5 0.5 0.5 0.5 1.  0.  1.
 0.5 0.5 0.5 1.  1.  0.5 1.  0.5 1.  0.5 0.5 1.  0.5 1.  1.  0.5 0.5 1.
 0.5 1.  1.  1.  1.  1.  0.  1.  0.5 0.5 0.5 1.  1.  0.5 1.  1.  0.5 1.
 1.  1.  1.  1.  0.5 0.5 1.  0.5 1.  0.5 1.  0.5 1.  0.5 0.  1.  1.  0.5
 1.  1.  0.  0.5 1.  1.  1.  0.5 1.  0.5 1.  1.  1.  1.  0.5 1.  0.5 1.
 1.  1.  0.5 1.  1.  1.  0.  0.5 0.5 1.  1.  1.  1.  0.5 1.  1.  1.  0.5
 0.5 1.  1.  1.  1.  1.  1.  0.5 0.5 1.  1.  1.  1.  1.  1.  0.5 0.5 0.5
 1.  0.  1.  0.5 0.5 0.5 1.  0.5 0.5 0.5 0.5 1.  1.  1.  1.  1.  1.  1.
 1.  0.5 0.5 1.  1.  0.5 1.  1.  1.  0.5 1.  0.5 1.  0.5 0.5 1.  1.  1.
 1.  1.  1.  1.  1.  1.  1.  0.5 0.5 1.  1.  1.  1.  1.  1.  1.  0.5 1.
 0.5 1.  1.  1.  1.  0.5 0.5 0.5 0.5 0.5 0.5 0.5 0.5 1.  0.5 0.5 1.  1.
 0.  0.5 1.  0.5 0.5 0.5 0.5 1.  0.5 0.5 1.  0.5 0.5 1.  1.  1.  0.5 1.
 0.5 1.  1.  1.  1.  1.  0.5 1.  1.  1.  1.  0.5 1.  0.5 1.  1.  1.  1.
 1.  1.  1.  1.  0.5 0.  1.  0.  0.5 0.5 1.  1.  0.5 0.5 1.  1.  0.5 1.
 1.  0.5 1.  1.  1.  1.  0.5 1.  1.  1.  0.5 1.  0.5 1.  1.  1.  0.5 1.
 1.  1.  1.  0.5 1.  1.  0.5 1.  1.  1.  1.  0.5 1.  0.5 1.  1.  0.5 1.
 1.  1.  0.5 0.5 0.5 1.  0.5 0.  1.  1.  1.  1.  0.5 1.  1.  1.  1.  1.
 1.  0.5 1.  1.  0.5 1.  1.  0.5 0.5 0.5 1.  0.  0.5 0.5 0.5 0.5 0.5 0.5
 1.  1.  1.  1.  1.  0.  1.  1.  0.  1.  1.  0.5 1.  0.5 1.  0.  1.  1.
 1.  1.  1.  1.  1.  0.5 0.5 1.  0.5 0.5 1.  0.5 1.  1.  0.5 0.  0.5 1.
 1.  0.  1.  1.  1.  1. ]",0.7841666666666667,"[1.         1.         1.         1.00202191 1.         1.
 1.         1.01126425 1.         1.         1.         1.
 1.         1.00793906 1.         1.         1.         1.
 1.00092684 1.         1.00810619 1.         1.         1.
 1.00106721 1.00223133 1.         1.         1.         1.
 1.00074007 1.         1.         1.         1.00091775 1.
 1.00077602 1.00018112 1.         1.00296732 1.00433439 1.
 1.00066989 1.         1.         1.         1.         1.00143694
 1.00239657]",1.000979119862083,"[578.64413733 391.46837008 483.34924719 515.57666936 460.49953225
 559.22026646 332.638587   294.86484264 446.17015999 610.07147903
 586.25559813 515.5329868  558.08514566 647.29464279 454.7820934
 383.8531661  382.12150689 439.27048345 393.74344567 675.46434582
 568.44278067 604.97111092 472.90471424 534.97122934 394.73286536
 481.75054664 446.48276515 398.08643062 592.13580017 528.56043989
 506.57110516 514.10026224 485.98600961 386.85206379 583.09091292
 575.97287176 408.1878176  459.38945566 482.66309389 445.55109992
 364.66254717 549.40557189 534.51750215 630.67810183 580.46128579
 506.06243889 536.73330276 420.7386947  481.64378035]",493.57578177780834,294.8648426357744,"[0.8 5.  5.  5.  5.  5.  5.  5.  5.  5.  5.  5.  5.  5.  5.  5.  5.  5.
 5.  5.  5.  5.  5.  5.  5.  5.  5.  5.  5.  5.  5.  5.  5.  5.  5.  5.
 5.  5.  5.  5.  5.  5.  5.  5.  5.  5.  5.  5.  5.  5.  5.  5.  5.  5.
 5.  5.  5.  5.  5.  5.  5.  5.  5.  5.  5.  5.  5.  5.  5.  5.  5.  5.
 5.  5.  5.  5.  5.  5.  5.  5.  5.  5.  5.  5.  5.  5.  5.  5.  5.  5.
 5.  5.  5.  5.  5.  5.  5.  5.  5.  5.  5.  5.  5.  5.  5.  5.  5.  5.
 5.  5.  5.  5.  5.  5.  5.  5.  5.  5.  5.  5.  5.  5.  5.  5.  5.  5.
 5.  5.  5.  5.  5.  5.  5.  5.  5.  5.  5.  5.  5.  5.  5.  5.  5.  5.
 5.  5.  5.  5.  5.  5.  5.  5.  5.  5.  5.  5.  5.  5.  5.  5.  5.  5.
 5.  5.  5.  5.  5.  5.  5.  5.  5.  5.  5.  5.  5.  5.  5.  5.  5.  5.
 5.  5.  5.  5.  5.  5.  5.  5.  5.  5.  5.  5.  5.  5.  5.  5.  5.  5.
 5.  5.  5.  5.  5.  5.  5.  5.  5.  5.  5.  5.  5.  5.  5.  5.  5.  5.
 5.  5.  5.  5.  5.  5.  5.  5.  5.  5.  5.  5.  5.  5.  5.  5.  5.  5.
 5.  5.  5.  5.  5.  5.  5.  5.  5.  5.  5.  5.  5.  5.  5.  5.  5.  5.
 5.  5.  5.  5.  5.  5.  5.  5.  5.  5.  5.  5.  5.  5.  5.  5.  5.  5.
 5.  5.  5.  5.  5.  5.  5.  5.  5.  5.  5.  5.  5.  5.  5.  5.  5.  5.
 5.  5.  5.  5.  5.  5.  5.  5.  5.  5.  5.  5.  5.  5.  5.  5.  5.  5.
 5.  5.  5.  5.  5.  5.  5.  5.  5.  5.  5.  5.  5.  5.  5.  5.  5.  5.
 5.  5.  5.  5.  5.  5.  5.  5.  5.  5.  5.  5.  5.  5.  5.  5.  5.  5.
 5.  5.  5.  5.  5.  5.  5.  5.  5.  5.  5.  5.  5.  5.  5.  5.  5.  5.
 5.  5.  5.  5.  5.  5.  5.  5.  5.  5.  5.  5.  5.  5.  5.  5.  5.  5.
 5.  5.  5.  5.  5.  5.  5.  5.  5.  5.  5.  5.  5.  5.  5.  5.  5.  5.
 5.  5.  5.  5.  5.  5.  5.  5.  5.  5.  5.  5.  5.  5.  5.  5.  5.  5.
 5.  5.  5.  5.  5.  5.  5.  5.  5.  5.  5.  5.  5.  5.  5.  5.  5.  5.
 5.  5.  5.  5.  5.  5.  5.  5.  5.  5.  5.  5.  5.  5.  5.  5.  5.  5.
 5.  5.  5.  5.  5.  5.  5.  5.  5.  5.  5.  5.  5.  5.  5.  5.  5.  5.
 5.  5.  5.  5.  5.  5.  5.  5.  5.  5.  5.  5.  5.  5.  5.  5.  5.  5.
 5.  5.  5.  5.  5.  5.  5.  5.  5.  5.  5.  5.  5.  5.  5.  5.  5.  5.
 5.  5.  5.  5.  5.  5.  5.  5.  5.  5.  5.  5.  5.  5.  5.  5.  5.  5.
 5.  5.  5.  5.  5.  5.  5.  5.  5.  5.  5.  5.  5.  5.  5.  5.  5.  5.
 5.  5.  5.  5.  5.  5.  5.  5.  5.  5.  5.  5.  5.  5.  5.  5.  5.  5.
 5.  5.  5.  5.  5.  5.  5.  5.  5.  5.  5.  5.  5.  5.  5.  5.  5.  5.
 5.  5.  5.  5.  5.  5.  5.  5.  5.  5.  5.  5.  5.  5.  5.  5.  5.  5.
 5.  5.  5.  5.  5.  5. ]",5.0,0.03097050849570149,0.3919619061334061
2024-08-31,"[1.  1.  1.  1.  1.  1.  0.5 1.  1.  0.5 0.5 0.5 1.  1.  1.  0.5 1.  1.
 0.5 1.  0.5 1.  1.  1.  1.  1.  1.  1.  1.  1.  1.  1.  0.5 1.  0.5 1.
 1.  1.  0.  0.  1.  1.  1.  1.  0.5 1.  0.5 1.  0.5 1.  1.  0.5 1.  1.
 0.  1.  1.  1.  1.  1.  1.  0.5 0.5 0.  0.  0.5 0.5 0.5 0.5 1.  0.5 0.5
 0.5 0.5 1.  1.  1.  1.  1.  1.  1.  1.  1.  0.  1.  0.5 0.5 0.5 1.  1.
 1.  1.  1.  1.  1.  0.5 1.  1.  1.  0.5 0.5 1.  1.  1.  1.  1.  1.  1.
 1.  1.  0.  1.  0.5 1.  1.  1.  1.  1.  1.  0.5 0.5 1.  0.  0.5 0.5 0.5
 0.5 0.5 1.  0.5 0.5 1.  1.  1.  0.  1.  0.  1.  1.  0.5 1.  1.  1.  1.
 0.5 1.  1.  1.  1.  0.5 1.  0.5 1.  1.  0.5 1.  1.  1.  1.  1.  0.5 0.5
 0.5 1.  0.5 0.5 0.5 1.  1.  0.5 1.  1.  0.5 1.  1.  0.5 0.5 1.  1.  1.
 1.  1.  0.5 1.  0.5 0.5 1.  1.  1.  0.5 1.  0.5 0.  0.5 0.5 1.  0.5 1.
 0.5 1.  0.5 0.  0.5 1.  1.  1.  0.5 0.5 1.  1.  0.5 1.  0.5 1.  1.  0.5
 1.  1.  1.  1.  0.  1.  1.  0.5 1.  1.  1.  1.  1.  0.5 1.  0.5 1.  1.
 1.  0.5 0.5 1.  1.  1.  0.5 1.  1.  0.5 1.  0.5 0.  1.  1.  1.  1.  0.5
 1.  1.  0.5 1.  1.  1.  0.5 0.5 0.5 0.  0.5 1.  1.  1.  1.  0.5 1.  0.5
 0.5 0.  1.  1.  0.5 1.  0.5 0.5 1.  1.  0.5 1.  0.5 0.5 0.5 0.  1.  1.
 0.5 1.  0.5 0.5 0.5 1.  1.  0.5 1.  1.  0.5 1.  0.5 1.  1.  1.  1.  1.
 0.5 1.  0.5 1.  1.  1.  0.5 0.5 1.  1.  1.  1.  1.  0.5 0.5 1.  0.  1.
 0.5 0.5 1.  1.  1.  0.5 0.5 1.  0.5 1.  1.  1.  1.  1.  1.  1.  1.  0.5
 1.  1.  1.  1.  0.5 1.  1.  0.5 1.  0.5 1.  1.  1.  0.  1.  1.  1.  1.
 1.  0.5 0.5 0.5 0.5 1.  0.5 0.5 0.5 1.  1.  1.  0.  0.5 1.  1.  1.  1.
 1.  1.  1.  1.  0.  1.  1.  1.  1.  0.5 1.  1.  1.  0.5 1.  1.  1.  1.
 1.  0.5 0.5 1.  0.5 1.  1.  0.5 0.5 1.  1.  0.5 0.5 1.  1.  1.  1.  1.
 1.  1.  0.  1.  1.  1.  0.5 1.  1.  1.  1.  0.5 1.  1.  1.  0.5 1.  1.
 1.  1.  1.  1.  0.5 0.5 0.5 0.5 1.  1.  1.  1.  1.  0.5 1.  1.  0.5 1.
 0.5 1.  0.5 1.  0.5 1.  1.  1.  1.  0.5 1.  1.  1.  1.  0.5 1.  0.5 0.5
 0.5 0.  1.  1.  1.  0.5 0.5 1.  1.  1.  0.5 1.  1.  1.  0.5 0.  1.  1.
 0.5 1.  1.  1.  1.  1.  1.  1.  1.  1.  1.  1.  0.5 1.  1.  0.5 0.5 0.5
 0.5 1.  0.  1.  1.  0.5 1.  1.  1.  1.  1.  0.5 0.5 1.  1.  0.5 1.  0.5
 0.5 0.5 1.  0.5 0.5 1.  0.5 0.5 0.5 1.  1.  1.  0.5 0.5 1.  1.  1.  0.
 0.5 1.  1.  0.5 1.  1.  0.5 1.  1.  1.  1.  0.5 1.  0.  0.5 0.  0.5 0.
 1.  1.  0.5 1.  1.  1.  1.  1.  1.  1.  1.  1.  0.  1.  0.5 0.5 1.  1.
 1.  0.5 1.  1.  0.5 1.  1.  0.5 1.  0.  1.  0.5 1.  1.  1.  1.  1.  1.
 0.5 1.  0.5 1.  0.5 1. ]",0.79,"[1.         1.         1.         1.         1.         1.
 1.         1.         1.00004173 1.00745661 1.00141809 1.00933104
 1.00071923 1.01134902 1.         1.00317623 1.         1.
 1.         1.00551226 1.         1.         1.         1.00419255
 1.00689984 1.         1.         1.00318758 1.         1.
 1.00109765 1.00372419 1.00008807 1.         1.00656849 1.00958009
 1.         1.         1.00432391 1.00307907 1.00423188 1.
 1.         1.         1.         1.01497989 1.00221424 1.
 1.00187601]",1.0021438299286038,"[552.45855675 580.97808665 484.58973253 458.37463244 437.85813868
 538.10478493 370.63742579 548.86287545 575.58737419 484.46266888
 431.06930642 458.4258707  349.28350723 402.77090684 612.64901461
 399.47482141 445.31623931 462.95542944 478.66045704 757.63486756
 517.08805639 446.37092828 447.45102595 272.21894698 492.84367525
 626.72664108 477.96492302 399.95730078 521.27054263 464.83160625
 507.56729528 405.41308973 441.28460183 474.80233396 447.24933465
 431.8914751  301.03496663 460.55576986 465.93488388 464.55570542
 553.08057228 477.54161688 467.4100287  668.39361988 499.99602621
 394.64219676 462.52421551 441.38864259 366.04557929]",474.04469995726123,272.2189469817163,"[0.8 5.  5.  5.  5.  5.  5.  5.  5.  5.  5.  5.  5.  5.  5.  5.  5.  5.
 5.  5.  5.  5.  5.  5.  5.  5.  5.  5.  5.  5.  5.  5.  5.  5.  5.  5.
 5.  5.  5.  5.  5.  5.  5.  5.  5.  5.  5.  5.  5.  5.  5.  5.  5.  5.
 5.  5.  5.  5.  5.  5.  5.  5.  5.  5.  5.  5.  5.  5.  5.  5.  5.  5.
 5.  5.  5.  5.  5.  5.  5.  5.  5.  5.  5.  5.  5.  5.  5.  5.  5.  5.
 5.  5.  5.  5.  5.  5.  5.  5.  5.  5.  5.  5.  5.  5.  5.  5.  5.  5.
 5.  5.  5.  5.  5.  5.  5.  5.  5.  5.  5.  5.  5.  5.  5.  5.  5.  5.
 5.  5.  5.  5.  5.  5.  5.  5.  5.  5.  5.  5.  5.  5.  5.  5.  5.  5.
 5.  5.  5.  5.  5.  5.  5.  5.  5.  5.  5.  5.  5.  5.  5.  5.  5.  5.
 5.  5.  5.  5.  5.  5.  5.  5.  5.  5.  5.  5.  5.  5.  5.  5.  5.  5.
 5.  5.  5.  5.  5.  5.  5.  5.  5.  5.  5.  5.  5.  5.  5.  5.  5.  5.
 5.  5.  5.  5.  5.  5.  5.  5.  5.  5.  5.  5.  5.  5.  5.  5.  5.  5.
 5.  5.  5.  5.  5.  5.  5.  5.  5.  5.  5.  5.  5.  5.  5.  5.  5.  5.
 5.  5.  5.  5.  5.  5.  5.  5.  5.  5.  5.  5.  5.  5.  5.  5.  5.  5.
 5.  5.  5.  5.  5.  5.  5.  5.  5.  5.  5.  5.  5.  5.  5.  5.  5.  5.
 5.  5.  5.  5.  5.  5.  5.  5.  5.  5.  5.  5.  5.  5.  5.  5.  5.  5.
 5.  5.  5.  5.  5.  5.  5.  5.  5.  5.  5.  5.  5.  5.  5.  5.  5.  5.
 5.  5.  5.  5.  5.  5.  5.  5.  5.  5.  5.  5.  5.  5.  5.  5.  5.  5.
 5.  5.  5.  5.  5.  5.  5.  5.  5.  5.  5.  5.  5.  5.  5.  5.  5.  5.
 5.  5.  5.  5.  5.  5.  5.  5.  5.  5.  5.  5.  5.  5.  5.  5.  5.  5.
 5.  5.  5.  5.  5.  5.  5.  5.  5.  5.  5.  5.  5.  5.  5.  5.  5.  5.
 5.  5.  5.  5.  5.  5.  5.  5.  5.  5.  5.  5.  5.  5.  5.  5.  5.  5.
 5.  5.  5.  5.  5.  5.  5.  5.  5.  5.  5.  5.  5.  5.  5.  5.  5.  5.
 5.  5.  5.  5.  5.  5.  5.  5.  5.  5.  5.  5.  5.  5.  5.  5.  5.  5.
 5.  5.  5.  5.  5.  5.  5.  5.  5.  5.  5.  5.  5.  5.  5.  5.  5.  5.
 5.  5.  5.  5.  5.  5.  5.  5.  5.  5.  5.  5.  5.  5.  5.  5.  5.  5.
 5.  5.  5.  5.  5.  5.  5.  5.  5.  5.  5.  5.  5.  5.  5.  5.  5.  5.
 5.  5.  5.  5.  5.  5.  5.  5.  5.  5.  5.  5.  5.  5.  5.  5.  5.  5.
 5.  5.  5.  5.  5.  5.  5.  5.  5.  5.  5.  5.  5.  5.  5.  5.  5.  5.
 5.  5.  5.  5.  5.  5.  5.  5.  5.  5.  5.  5.  5.  5.  5.  5.  5.  5.
 5.  5.  5.  5.  5.  5.  5.  5.  5.  5.  5.  5.  5.  5.  5.  5.  5.  5.
 5.  5.  5.  5.  5.  5.  5.  5.  5.  5.  5.  5.  5.  5.  5.  5.  5.  5.
 5.  5.  5.  5.  5.  5.  5.  5.  5.  5.  5.  5.  5.  5.  5.  5.  5.  5.
 5.  5.  5.  5.  5.  5. ]",5.0,0.042995775680903604,0.4035255340965149
2024-09-30,"[1.  1.  1.  0.5 0.5 1.  1.  1.  1.  1.  1.  1.  1.  1.  0.5 0.5 1.  1.
 0.5 1.  0.5 0.5 0.5 0.5 1.  1.  0.  1.  1.  1.  1.  1.  1.  1.  1.  1.
 1.  1.  1.  1.  1.  1.  1.  1.  1.  1.  1.  1.  1.  1.  1.  0.  0.5 1.
 1.  1.  1.  0.5 1.  0.5 0.5 1.  1.  1.  1.  1.  1.  1.  1.  1.  1.  0.5
 1.  0.5 1.  0.5 1.  1.  1.  1.  1.  1.  1.  0.5 1.  1.  1.  1.  0.  1.
 0.5 1.  0.5 1.  1.  1.  1.  1.  1.  1.  0.5 1.  0.5 0.5 0.5 1.  1.  1.
 1.  1.  1.  0.5 1.  0.5 1.  1.  1.  0.5 1.  0.5 0.  1.  0.5 1.  1.  1.
 1.  1.  1.  1.  0.5 1.  0.5 1.  1.  0.5 1.  1.  1.  0.5 0.5 1.  1.  0.5
 1.  1.  1.  0.5 0.5 1.  1.  0.5 0.5 1.  1.  1.  1.  1.  1.  1.  1.  1.
 1.  1.  1.  1.  1.  0.5 0.  1.  1.  0.5 0.5 0.5 1.  0.5 1.  0.5 0.5 1.
 1.  0.5 1.  1.  0.  0.5 1.  1.  1.  1.  1.  0.5 1.  1.  1.  0.5 1.  1.
 0.5 1.  0.  1.  0.5 1.  1.  1.  0.5 1.  1.  0.5 0.5 0.5 1.  0.5 1.  1.
 0.  1.  1.  0.5 0.5 1.  1.  0.5 0.5 1.  1.  1.  0.5 0.5 1.  1.  1.  1.
 1.  0.5 1.  1.  1.  1.  1.  0.5 1.  1.  1.  1.  1.  1.  1.  1.  1.  1.
 1.  1.  1.  1.  1.  1.  1.  1.  1.  1.  1.  1.  1.  0.5 1.  1.  1.  1.
 1.  0.5 1.  1.  1.  1.  1.  1.  0.5 1.  1.  1.  1.  1.  1.  1.  0.5 1.
 0.5 1.  1.  1.  0.5 1.  1.  1.  1.  1.  1.  1.  1.  1.  1.  1.  1.  1.
 0.5 0.5 1.  1.  1.  1.  1.  0.5 0.5 0.5 1.  1.  1.  1.  1.  1.  1.  0.5
 1.  1.  0.5 1.  1.  0.5 1.  1.  0.  1.  1.  1.  1.  1.  1.  1.  1.  1.
 1.  1.  1.  1.  1.  1.  1.  0.5 0.5 1.  1.  1.  1.  1.  1.  0.5 0.5 1.
 0.5 1.  1.  0.5 1.  0.5 1.  1.  1.  1.  1.  1.  1.  1.  1.  1.  1.  1.
 0.5 1.  0.5 1.  1.  0.5 1.  1.  1.  1.  0.5 0.5 1.  0.5 0.5 0.5 0.5 1.
 1.  0.5 1.  0.5 1.  0.5 1.  0.5 1.  1.  1.  1.  0.5 1.  1.  0.  0.5 0.5
 0.5 1.  0.5 0.5 1.  1.  1.  1.  1.  1.  0.5 1.  1.  1.  1.  0.5 1.  1.
 0.5 1.  1.  0.5 0.5 1.  1.  0.5 1.  1.  1.  1.  0.5 1.  1.  0.5 1.  1.
 1.  1.  1.  0.5 0.5 0.  1.  1.  0.5 1.  0.5 1.  1.  1.  1.  0.5 1.  1.
 0.5 0.5 1.  1.  1.  1.  1.  1.  1.  0.5 0.5 1.  1.  0.  1.  1.  1.  1.
 1.  1.  1.  1.  1.  1.  0.5 1.  1.  1.  0.5 1.  1.  1.  1.  1.  1.  1.
 1.  1.  0.  1.  1.  1.  1.  1.  1.  1.  0.5 1.  0.  1.  1.  0.5 0.5 1.
 0.5 1.  1.  1.  1.  1.  1.  0.5 0.5 0.5 1.  0.5 1.  1.  0.5 1.  1.  1.
 1.  0.5 1.  0.5 1.  0.5 1.  1.  1.  0.5 1.  1.  1.  0.5 1.  1.  1.  1.
 1.  1.  0.5 1.  1.  1.  1.  1.  1.  1.  0.5 1.  0.5 1.  0.5 1.  1.  1.
 1.  0.5 1.  1.  1.  1.  1.  1.  1.  1.  1.  1.  0.5 1.  1.  0.5 1.  1.
 1.  0.5 1.  1.  1.  0.5]",0.855,"[1.         1.         1.         1.         1.         1.00035457
 1.00285839 1.         1.         1.         1.00179911 1.00421913
 1.         1.00540018 1.00074188 1.         1.00079065 1.
 1.00033394 1.         1.         1.00517407 1.         1.00126219
 1.00068512 1.00010091 1.         1.00270377 1.         1.
 1.         1.         1.0006778  1.00191921 1.         1.
 1.00114368 1.         1.         1.         1.         1.00280138
 1.         1.00208818 1.00152212 1.00174371 1.         1.
 1.00380981]",1.000859791843842,"[607.84330625 489.11668378 453.9533864  635.58693053 596.32663692
 633.06563191 631.08854335 595.67137879 567.90232396 658.15558549
 676.25551895 418.08889691 613.56629408 457.10042145 553.53495019
 621.08609866 535.64214631 405.47899536 635.54369426 663.56331558
 491.93720235 562.94901516 410.24823545 345.36954951 487.65709442
 520.37061054 494.80598133 685.71623553 556.2879873  473.88938706
 538.71229278 332.51263712 502.19122623 716.04668595 397.97125001
 392.33130174 506.84610597 534.69037867 522.1141448  582.1105043
 530.67667829 496.1263208  587.08773121 415.03214282 588.90783672
 587.84454928 591.17325257 601.64189306 480.13194814]",538.4071615965594,332.5126371220448,"[0.8 5.  5.  5.  5.  5.  5.  5.  5.  5.  5.  5.  5.  5.  5.  5.  5.  5.
 5.  5.  5.  5.  5.  5.  5.  5.  5.  5.  5.  5.  5.  5.  5.  5.  5.  5.
 5.  5.  5.  5.  5.  5.  5.  5.  5.  5.  5.  5.  5.  5.  5.  5.  5.  5.
 5.  5.  5.  5.  5.  5.  5.  5.  5.  5.  5.  5.  5.  5.  5.  5.  5.  5.
 5.  5.  5.  5.  5.  5.  5.  5.  5.  5.  5.  5.  5.  5.  5.  5.  5.  5.
 5.  5.  5.  5.  5.  5.  5.  5.  5.  5.  5.  5.  5.  5.  5.  5.  5.  5.
 5.  5.  5.  5.  5.  5.  5.  5.  5.  5.  5.  5.  5.  5.  5.  5.  5.  5.
 5.  5.  5.  5.  5.  5.  5.  5.  5.  5.  5.  5.  5.  5.  5.  5.  5.  5.
 5.  5.  5.  5.  5.  5.  5.  5.  5.  5.  5.  5.  5.  5.  5.  5.  5.  5.
 5.  5.  5.  5.  5.  5.  5.  5.  5.  5.  5.  5.  5.  5.  5.  5.  5.  5.
 5.  5.  5.  5.  5.  5.  5.  5.  5.  5.  5.  5.  5.  5.  5.  5.  5.  5.
 5.  5.  5.  5.  5.  5.  5.  5.  5.  5.  5.  5.  5.  5.  5.  5.  5.  5.
 5.  5.  5.  5.  5.  5.  5.  5.  5.  5.  5.  5.  5.  5.  5.  5.  5.  5.
 5.  5.  5.  5.  5.  5.  5.  5.  5.  5.  5.  5.  5.  5.  5.  5.  5.  5.
 5.  5.  5.  5.  5.  5.  5.  5.  5.  5.  5.  5.  5.  5.  5.  5.  5.  5.
 5.  5.  5.  5.  5.  5.  5.  5.  5.  5.  5.  5.  5.  5.  5.  5.  5.  5.
 5.  5.  5.  5.  5.  5.  5.  5.  5.  5.  5.  5.  5.  5.  5.  5.  5.  5.
 5.  5.  5.  5.  5.  5.  5.  5.  5.  5.  5.  5.  5.  5.  5.  5.  5.  5.
 5.  5.  5.  5.  5.  5.  5.  5.  5.  5.  5.  5.  5.  5.  5.  5.  5.  5.
 5.  5.  5.  5.  5.  5.  5.  5.  5.  5.  5.  5.  5.  5.  5.  5.  5.  5.
 5.  5.  5.  5.  5.  5.  5.  5.  5.  5.  5.  5.  5.  5.  5.  5.  5.  5.
 5.  5.  5.  5.  5.  5.  5.  5.  5.  5.  5.  5.  5.  5.  5.  5.  5.  5.
 5.  5.  5.  5.  5.  5.  5.  5.  5.  5.  5.  5.  5.  5.  5.  5.  5.  5.
 5.  5.  5.  5.  5.  5.  5.  5.  5.  5.  5.  5.  5.  5.  5.  5.  5.  5.
 5.  5.  5.  5.  5.  5.  5.  5.  5.  5.  5.  5.  5.  5.  5.  5.  5.  5.
 5.  5.  5.  5.  5.  5.  5.  5.  5.  5.  5.  5.  5.  5.  5.  5.  5.  5.
 5.  5.  5.  5.  5.  5.  5.  5.  5.  5.  5.  5.  5.  5.  5.  5.  5.  5.
 5.  5.  5.  5.  5.  5.  5.  5.  5.  5.  5.  5.  5.  5.  5.  5.  5.  5.
 5.  5.  5.  5.  5.  5.  5.  5.  5.  5.  5.  5.  5.  5.  5.  5.  5.  5.
 5.  5.  5.  5.  5.  5.  5.  5.  5.  5.  5.  5.  5.  5.  5.  5.  5.  5.
 5.  5.  5.  5.  5.  5.  5.  5.  5.  5.  5.  5.  5.  5.  5.  5.  5.  5.
 5.  5.  5.  5.  5.  5.  5.  5.  5.  5.  5.  5.  5.  5.  5.  5.  5.  5.
 5.  5.  5.  5.  5.  5.  5.  5.  5.  5.  5.  5.  5.  5.  5.  5.  5.  5.
 5.  5.  5.  5.  5.  5. ]",5.0,0.028814419327987537,0.2968447757243613
2024-10-31,"[0.5 1.  0.5 0.5 1.  1.  1.  1.  1.  1.  1.  1.  0.5 0.5 1.  1.  1.  1.
 0.5 1.  1.  1.  1.  1.  1.  0.5 1.  1.  1.  1.  1.  0.5 1.  1.  1.  1.
 1.  0.5 0.5 1.  1.  1.  1.  0.5 1.  1.  1.  1.  1.  1.  1.  1.  1.  0.5
 0.5 1.  1.  1.  1.  0.5 1.  1.  0.5 1.  1.  0.5 1.  1.  1.  1.  1.  1.
 0.5 1.  1.  0.5 0.5 1.  1.  0.5 1.  0.5 1.  0.5 1.  1.  1.  1.  1.  1.
 0.5 0.5 0.5 1.  1.  1.  1.  1.  0.5 1.  1.  1.  1.  1.  1.  1.  1.  1.
 0.5 1.  1.  1.  0.5 1.  1.  0.5 1.  1.  0.5 1.  1.  1.  0.5 1.  1.  1.
 1.  1.  1.  0.5 0.5 1.  1.  1.  1.  0.5 0.5 0.5 0.5 1.  1.  1.  1.  1.
 1.  0.5 1.  0.5 0.5 1.  1.  1.  1.  0.5 0.5 1.  1.  0.  1.  0.5 1.  1.
 1.  1.  1.  0.  1.  1.  0.5 1.  1.  0.5 1.  1.  0.5 1.  0.5 1.  1.  1.
 0.5 1.  1.  0.5 1.  0.5 1.  0.5 0.5 0.5 1.  0.  1.  1.  0.5 1.  1.  1.
 1.  1.  1.  1.  1.  1.  1.  1.  1.  1.  1.  1.  0.5 1.  1.  1.  1.  0.5
 0.5 0.5 1.  0.5 0.5 1.  0.  1.  1.  1.  1.  1.  1.  1.  1.  1.  1.  1.
 1.  0.5 1.  1.  0.5 1.  1.  1.  1.  0.5 1.  1.  1.  1.  0.5 1.  1.  0.5
 0.5 0.5 0.5 1.  0.5 1.  1.  1.  1.  1.  1.  1.  1.  1.  1.  1.  1.  1.
 0.5 0.5 1.  1.  1.  1.  0.5 1.  1.  1.  0.5 1.  0.5 1.  1.  0.5 1.  1.
 0.5 1.  1.  1.  1.  0.5 1.  1.  1.  1.  1.  1.  1.  1.  1.  0.5 1.  1.
 0.  1.  1.  1.  0.5 1.  1.  1.  1.  1.  1.  0.5 0.5 1.  1.  1.  1.  1.
 1.  1.  1.  1.  1.  1.  1.  1.  1.  1.  1.  1.  0.5 1.  1.  1.  0.5 1.
 1.  1.  1.  1.  1.  1.  1.  1.  0.5 1.  0.5 1.  0.5 1.  1.  1.  1.  1.
 1.  0.5 0.5 1.  0.5 1.  1.  0.5 0.5 1.  1.  1.  0.5 1.  0.5 0.5 0.5 1.
 1.  1.  1.  1.  1.  1.  1.  1.  1.  1.  1.  1.  1.  0.5 1.  0.5 1.  1.
 1.  1.  1.  0.  0.5 1.  0.5 1.  1.  1.  1.  0.5 1.  1.  0.5 1.  1.  1.
 1.  0.5 1.  1.  0.5 1.  1.  1.  0.5 1.  1.  1.  1.  1.  1.  1.  1.  0.5
 0.5 1.  1.  0.  0.5 0.5 0.5 1.  0.5 1.  1.  1.  1.  1.  1.  1.  1.  0.5
 1.  0.5 1.  0.5 1.  1.  1.  1.  0.5 1.  1.  1.  1.  1.  1.  0.5 1.  0.5
 0.5 0.5 0.5 0.5 1.  0.5 1.  1.  0.5 0.5 0.5 1.  0.5 1.  1.  1.  1.  1.
 1.  1.  1.  1.  1.  1.  1.  0.5 0.5 1.  0.5 1.  1.  1.  1.  0.5 1.  1.
 1.  1.  1.  0.5 1.  1.  1.  1.  1.  1.  1.  1.  1.  1.  1.  0.5 0.5 1.
 1.  0.5 1.  1.  1.  1.  1.  1.  1.  1.  0.5 0.5 0.5 1.  1.  1.  1.  1.
 1.  1.  1.  1.  0.5 1.  1.  1.  0.5 1.  1.  1.  0.5 1.  1.  1.  1.  1.
 1.  1.  0.5 1.  1.  1.  1.  1.  1.  1.  1.  1.  1.  1.  1.  1.  0.5 1.
 1.  1.  1.  1.  1.  1.  1.  1.  1.  1.  1.  1.  1.  1.  1.  0.5 1.  1.
 1.  0.5 1.  1.  1.  1. ]",0.8691666666666666,"[1.         1.00175017 1.         1.         1.         1.00003103
 1.         1.         1.00074812 1.         1.         1.00000682
 1.00294534 1.         1.00131289 1.         1.         1.
 1.01005749 1.00599701 1.00678143 1.0011102  1.00010933 1.
 1.         1.         1.         1.         1.         1.
 1.         1.         1.         1.         1.         1.00387186
 1.         1.         1.         1.         1.         1.00035233
 1.00852912 1.         1.         1.00087655 1.         1.
 1.        ]",1.00090774866007,"[463.50642709 494.22563077 535.35982129 593.31906322 488.58671828
 490.15782365 606.31933766 568.0158034  555.57751308 717.35474474
 585.23983678 638.32606025 498.06946212 353.40497383 540.19558138
 548.83704255 401.0711036  606.83761612 602.99314578 432.29968772
 483.63144838 619.71263296 727.54413234 636.14737418 712.36116615
 360.01897293 599.68814583 526.82208631 642.80311665 479.75299723
 598.47778138 464.18093686 588.57874541 446.09236425 641.8940704
 350.97942411 572.5813613  633.27899665 497.37092392 354.00920786
 481.99112575 564.29474727 466.86784835 581.74433991 639.57067926
 448.52590889 497.74281414 800.         360.88187442]",540.7600533956766,350.9794241093422,"[0.8 5.  5.  5.  5.  5.  5.  5.  5.  5.  5.  5.  5.  5.  5.  5.  5.  5.
 5.  5.  5.  5.  5.  5.  5.  5.  5.  5.  5.  5.  5.  5.  5.  5.  5.  5.
 5.  5.  5.  5.  5.  5.  5.  5.  5.  5.  5.  5.  5.  5.  5.  5.  5.  5.
 5.  5.  5.  5.  5.  5.  5.  5.  5.  5.  5.  5.  5.  5.  5.  5.  5.  5.
 5.  5.  5.  5.  5.  5.  5.  5.  5.  5.  5.  5.  5.  5.  5.  5.  5.  5.
 5.  5.  5.  5.  5.  5.  5.  5.  5.  5.  5.  5.  5.  5.  5.  5.  5.  5.
 5.  5.  5.  5.  5.  5.  5.  5.  5.  5.  5.  5.  5.  5.  5.  5.  5.  5.
 5.  5.  5.  5.  5.  5.  5.  5.  5.  5.  5.  5.  5.  5.  5.  5.  5.  5.
 5.  5.  5.  5.  5.  5.  5.  5.  5.  5.  5.  5.  5.  5.  5.  5.  5.  5.
 5.  5.  5.  5.  5.  5.  5.  5.  5.  5.  5.  5.  5.  5.  5.  5.  5.  5.
 5.  5.  5.  5.  5.  5.  5.  5.  5.  5.  5.  5.  5.  5.  5.  5.  5.  5.
 5.  5.  5.  5.  5.  5.  5.  5.  5.  5.  5.  5.  5.  5.  5.  5.  5.  5.
 5.  5.  5.  5.  5.  5.  5.  5.  5.  5.  5.  5.  5.  5.  5.  5.  5.  5.
 5.  5.  5.  5.  5.  5.  5.  5.  5.  5.  5.  5.  5.  5.  5.  5.  5.  5.
 5.  5.  5.  5.  5.  5.  5.  5.  5.  5.  5.  5.  5.  5.  5.  5.  5.  5.
 5.  5.  5.  5.  5.  5.  5.  5.  5.  5.  5.  5.  5.  5.  5.  5.  5.  5.
 5.  5.  5.  5.  5.  5.  5.  5.  5.  5.  5.  5.  5.  5.  5.  5.  5.  5.
 5.  5.  5.  5.  5.  5.  5.  5.  5.  5.  5.  5.  5.  5.  5.  5.  5.  5.
 5.  5.  5.  5.  5.  5.  5.  5.  5.  5.  5.  5.  5.  5.  5.  5.  5.  5.
 5.  5.  5.  5.  5.  5.  5.  5.  5.  5.  5.  5.  5.  5.  5.  5.  5.  5.
 5.  5.  5.  5.  5.  5.  5.  5.  5.  5.  5.  5.  5.  5.  5.  5.  5.  5.
 5.  5.  5.  5.  5.  5.  5.  5.  5.  5.  5.  5.  5.  5.  5.  5.  5.  5.
 5.  5.  5.  5.  5.  5.  5.  5.  5.  5.  5.  5.  5.  5.  5.  5.  5.  5.
 5.  5.  5.  5.  5.  5.  5.  5.  5.  5.  5.  5.  5.  5.  5.  5.  5.  5.
 5.  5.  5.  5.  5.  5.  5.  5.  5.  5.  5.  5.  5.  5.  5.  5.  5.  5.
 5.  5.  5.  5.  5.  5.  5.  5.  5.  5.  5.  5.  5.  5.  5.  5.  5.  5.
 5.  5.  5.  5.  5.  5.  5.  5.  5.  5.  5.  5.  5.  5.  5.  5.  5.  5.
 5.  5.  5.  5.  5.  5.  5.  5.  5.  5.  5.  5.  5.  5.  5.  5.  5.  5.
 5.  5.  5.  5.  5.  5.  5.  5.  5.  5.  5.  5.  5.  5.  5.  5.  5.  5.
 5.  5.  5.  5.  5.  5.  5.  5.  5.  5.  5.  5.  5.  5.  5.  5.  5.  5.
 5.  5.  5.  5.  5.  5.  5.  5.  5.  5.  5.  5.  5.  5.  5.  5.  5.  5.
 5.  5.  5.  5.  5.  5.  5.  5.  5.  5.  5.  5.  5.  5.  5.  5.  5.  5.
 5.  5.  5.  5.  5.  5.  5.  5.  5.  5.  5.  5.  5.  5.  5.  5.  5.  5.
 5.  5.  5.  5.  5.  5. ]",5.0,0.038569650246290534,0.5803736137476356
2024-11-30,"[1.  0.5 1.  0.5 0.5 0.5 1.  1.  0.5 1.  1.  0.5 0.5 1.  0.5 0.  1.  1.
 0.5 1.  1.  1.  1.  1.  0.5 1.  1.  1.  0.5 1.  1.  1.  0.5 1.  1.  1.
 0.5 1.  1.  1.  1.  1.  1.  1.  1.  0.5 0.5 1.  1.  1.  1.  0.5 1.  1.
 0.  0.5 1.  1.  0.5 1.  1.  1.  1.  1.  1.  0.5 1.  1.  1.  0.5 1.  1.
 1.  1.  1.  1.  1.  1.  1.  1.  1.  1.  1.  1.  0.5 1.  1.  1.  1.  1.
 0.5 1.  1.  1.  1.  1.  1.  1.  1.  1.  1.  0.5 1.  1.  1.  0.5 0.5 0.5
 0.5 0.5 0.5 1.  0.5 1.  1.  0.5 1.  1.  1.  1.  1.  1.  1.  1.  0.5 1.
 1.  1.  1.  1.  0.5 1.  1.  0.5 1.  1.  0.5 1.  1.  1.  1.  1.  1.  1.
 1.  1.  1.  1.  1.  1.  0.5 1.  1.  1.  1.  1.  1.  1.  1.  1.  1.  1.
 0.5 1.  0.  0.5 1.  1.  0.5 1.  1.  1.  1.  1.  0.5 0.5 1.  1.  0.5 1.
 1.  1.  0.5 0.5 0.5 1.  1.  0.5 1.  1.  1.  1.  1.  1.  1.  1.  0.5 1.
 0.5 1.  1.  1.  1.  1.  1.  0.5 0.5 1.  1.  1.  1.  1.  1.  0.5 1.  0.5
 1.  1.  1.  1.  0.5 1.  0.5 1.  0.  1.  1.  1.  1.  1.  1.  1.  1.  1.
 1.  1.  1.  1.  0.5 1.  1.  1.  1.  1.  0.5 1.  1.  1.  1.  1.  0.5 0.5
 1.  1.  1.  1.  1.  1.  1.  1.  1.  0.5 1.  0.5 1.  1.  1.  1.  1.  1.
 1.  0.5 1.  1.  1.  1.  1.  1.  0.5 1.  0.5 1.  1.  1.  1.  1.  1.  0.5
 0.5 1.  1.  1.  0.5 1.  1.  1.  1.  1.  1.  0.5 1.  1.  1.  1.  0.5 1.
 1.  1.  1.  0.5 1.  1.  1.  1.  1.  0.5 1.  1.  1.  1.  1.  1.  1.  0.5
 0.5 1.  1.  1.  1.  1.  0.5 0.5 1.  1.  1.  1.  1.  0.5 1.  1.  0.5 0.5
 1.  1.  1.  1.  1.  1.  1.  1.  0.5 1.  1.  1.  1.  1.  1.  1.  0.5 1.
 1.  1.  1.  0.5 1.  1.  0.5 0.5 1.  1.  0.5 1.  1.  1.  1.  0.5 1.  0.5
 1.  1.  0.5 1.  0.5 0.5 1.  1.  1.  0.5 1.  1.  1.  1.  1.  0.5 0.5 1.
 0.5 1.  1.  0.  0.5 1.  1.  1.  0.5 1.  1.  1.  0.5 1.  1.  0.5 0.5 1.
 1.  1.  1.  1.  1.  1.  1.  1.  1.  1.  1.  1.  1.  1.  0.5 1.  1.  1.
 1.  1.  1.  0.5 1.  0.5 0.  1.  0.5 1.  1.  1.  0.5 1.  1.  1.  0.5 1.
 0.5 1.  0.5 1.  1.  1.  1.  0.5 1.  1.  1.  1.  1.  1.  1.  1.  1.  1.
 1.  1.  1.  0.5 1.  0.5 1.  0.5 1.  1.  1.  1.  0.5 1.  1.  1.  1.  0.5
 0.5 1.  1.  1.  1.  1.  1.  1.  1.  1.  1.  1.  1.  1.  1.  1.  0.5 1.
 1.  1.  1.  1.  1.  1.  1.  1.  1.  1.  1.  1.  1.  0.5 1.  1.  0.5 1.
 1.  1.  1.  1.  0.5 1.  1.  1.  0.5 1.  1.  1.  1.  1.  1.  1.  1.  0.5
 1.  1.  0.5 1.  1.  1.  1.  1.  1.  1.  1.  1.  1.  0.5 1.  0.5 1.  1.
 1.  1.  1.  0.5 1.  1.  1.  1.  1.  1.  1.  0.5 1.  1.  0.5 1.  1.  0.5
 1.  0.5 1.  1.  1.  1.  1.  1.  1.  1.  1.  1.  1.  1.  1.  1.  1.  1.
 1.  1.  1.  1.  1.  1. ]",0.885,"[1.         1.         1.         1.         1.00078324 1.
 1.00261806 1.         1.         1.         1.00459381 1.
 1.         1.00458888 1.         1.00510383 1.         1.00156735
 1.00067648 1.         1.00359206 1.0085629  1.00362104 1.00029247
 1.00177266 1.00230045 1.         1.00391642 1.0007831  1.
 1.         1.00354891 1.         1.         1.00370349 1.
 1.         1.         1.00404166 1.         1.         1.
 1.         1.00017463 1.00033422 1.         1.00742965 1.
 1.00701386]",1.001449370422864,"[521.99561401 693.17249736 428.87034256 539.67821742 501.8432725
 617.85526451 477.63517256 540.83286852 389.27734327 479.70636255
 466.39127074 422.1515559  518.43358368 517.5621738  452.21940943
 566.0747305  545.90085274 564.24653862 469.8628191  491.64354908
 308.953958   527.97907757 460.9629224  538.04774136 345.51685809
 469.02713948 544.43883119 370.80436496 362.13317458 547.66203097
 597.59577784 586.22252197 432.86109571 537.50718482 482.67250961
 499.1258322  456.31273378 533.10086879 423.75905272 320.35790719
 568.50267227 482.13093599 489.34877651 481.02253714 461.57078056
 363.00435029 484.36119381 800.         370.66522958]",490.83676526968117,308.95395799675055,"[0.8 5.  5.  5.  5.  5.  5.  5.  5.  5.  5.  5.  5.  5.  5.  5.  5.  5.
 5.  5.  5.  5.  5.  5.  5.  5.  5.  5.  5.  5.  5.  5.  5.  5.  5.  5.
 5.  5.  5.  5.  5.  5.  5.  5.  5.  5.  5.  5.  5.  5.  5.  5.  5.  5.
 5.  5.  5.  5.  5.  5.  5.  5.  5.  5.  5.  5.  5.  5.  5.  5.  5.  5.
 5.  5.  5.  5.  5.  5.  5.  5.  5.  5.  5.  5.  5.  5.  5.  5.  5.  5.
 5.  5.  5.  5.  5.  5.  5.  5.  5.  5.  5.  5.  5.  5.  5.  5.  5.  5.
 5.  5.  5.  5.  5.  5.  5.  5.  5.  5.  5.  5.  5.  5.  5.  5.  5.  5.
 5.  5.  5.  5.  5.  5.  5.  5.  5.  5.  5.  5.  5.  5.  5.  5.  5.  5.
 5.  5.  5.  5.  5.  5.  5.  5.  5.  5.  5.  5.  5.  5.  5.  5.  5.  5.
 5.  5.  5.  5.  5.  5.  5.  5.  5.  5.  5.  5.  5.  5.  5.  5.  5.  5.
 5.  5.  5.  5.  5.  5.  5.  5.  5.  5.  5.  5.  5.  5.  5.  5.  5.  5.
 5.  5.  5.  5.  5.  5.  5.  5.  5.  5.  5.  5.  5.  5.  5.  5.  5.  5.
 5.  5.  5.  5.  5.  5.  5.  5.  5.  5.  5.  5.  5.  5.  5.  5.  5.  5.
 5.  5.  5.  5.  5.  5.  5.  5.  5.  5.  5.  5.  5.  5.  5.  5.  5.  5.
 5.  5.  5.  5.  5.  5.  5.  5.  5.  5.  5.  5.  5.  5.  5.  5.  5.  5.
 5.  5.  5.  5.  5.  5.  5.  5.  5.  5.  5.  5.  5.  5.  5.  5.  5.  5.
 5.  5.  5.  5.  5.  5.  5.  5.  5.  5.  5.  5.  5.  5.  5.  5.  5.  5.
 5.  5.  5.  5.  5.  5.  5.  5.  5.  5.  5.  5.  5.  5.  5.  5.  5.  5.
 5.  5.  5.  5.  5.  5.  5.  5.  5.  5.  5.  5.  5.  5.  5.  5.  5.  5.
 5.  5.  5.  5.  5.  5.  5.  5.  5.  5.  5.  5.  5.  5.  5.  5.  5.  5.
 5.  5.  5.  5.  5.  5.  5.  5.  5.  5.  5.  5.  5.  5.  5.  5.  5.  5.
 5.  5.  5.  5.  5.  5.  5.  5.  5.  5.  5.  5.  5.  5.  5.  5.  5.  5.
 5.  5.  5.  5.  5.  5.  5.  5.  5.  5.  5.  5.  5.  5.  5.  5.  5.  5.
 5.  5.  5.  5.  5.  5.  5.  5.  5.  5.  5.  5.  5.  5.  5.  5.  5.  5.
 5.  5.  5.  5.  5.  5.  5.  5.  5.  5.  5.  5.  5.  5.  5.  5.  5.  5.
 5.  5.  5.  5.  5.  5.  5.  5.  5.  5.  5.  5.  5.  5.  5.  5.  5.  5.
 5.  5.  5.  5.  5.  5.  5.  5.  5.  5.  5.  5.  5.  5.  5.  5.  5.  5.
 5.  5.  5.  5.  5.  5.  5.  5.  5.  5.  5.  5.  5.  5.  5.  5.  5.  5.
 5.  5.  5.  5.  5.  5.  5.  5.  5.  5.  5.  5.  5.  5.  5.  5.  5.  5.
 5.  5.  5.  5.  5.  5.  5.  5.  5.  5.  5.  5.  5.  5.  5.  5.  5.  5.
 5.  5.  5.  5.  5.  5.  5.  5.  5.  5.  5.  5.  5.  5.  5.  5.  5.  5.
 5.  5.  5.  5.  5.  5.  5.  5.  5.  5.  5.  5.  5.  5.  5.  5.  5.  5.
 5.  5.  5.  5.  5.  5.  5.  5.  5.  5.  5.  5.  5.  5.  5.  5.  5.  5.
 5.  5.  5.  5.  5.  5. ]",5.0,0.037079050846315534,0.4291743391941182
